text,start,duration,time_midpoint,vader,textblob,llama3,vader_norm,textblob_norm,llama3_norm
when you see Harden getting both barrels,126.18,3.48,127.92,0.0,0.0,0.6,0.11018490114894904,0.06969368272147194,0.07713329386307648
for me yeah take care of Fletcher too,127.979,3.541,129.7495,0.6597,0.0,0.8,0.1091108580762314,0.06787186167116589,0.07733237087586746
sure we'll bring you back to Pieces,129.66,5.19,132.255,0.3182,0.25,-0.7,0.10767790882567262,0.06544818904893622,0.07760996491842392
won't we Ben yeah see you at the cabin,131.52,12.38,137.71,-0.2235,0.0,0.4,0.10470797343712654,0.0604533823618659,0.07823275545379074
Johnny as long as we're here pick us up,153.78,5.24,156.4,0.0,-0.05,0.7,0.0960379787968076,0.04618422320350538,0.0805179162318625
some fresh horses at the Corral,155.76,3.26,157.39,0.3182,0.3,0.7,0.09564161725175375,0.04554764961951876,0.08064386676786706
Bentley cover me until I get inside,159.72,4.099,161.7695,0.0,0.0,0.7,0.09396166649559923,0.042871470045365845,0.08120508075897528
boy you're going to feel often when you,230.519,5.901,233.4695,0.0,0.0,-0.7,0.08167486208214664,0.028464243007948014,0.08993348667733432
hear the bugling in the morning,232.86,3.56,234.64,0.0,0.0,0.7,0.08168367960627078,0.028641282661769144,0.0900468916985188
what do you want,251.06,3.36,252.74,0.0772,0.0,0.5,0.08253889591465909,0.03283559429084948,0.0915761309217366
don't try it,255.799,3.421,257.5095,0.0,0.0,-0.7,0.08297770059072176,0.03437742766891823,0.09190020950442532
that's better,262.68,2.72,264.04,0.4404,0.5,0.7,0.08371353129278304,0.0367682508606264,0.09228336260055944
anybody else around,266.04,3.92,268.0,0.0,0.0,-0.7,0.08423298597061674,0.038370896975625624,0.09247948969715368
you pray it stays that way,270.9,4.32,273.06,0.3182,0.0,0.7,0.08497414531288806,0.040581568532803515,0.0926879535088317
there won't be anybody,273.6,5.24,276.22,0.0,0.0,0.4,0.08547968977734124,0.04205254020355084,0.09279310457262964
we were just getting ready to close up,275.22,3.62,277.03000000000003,0.3612,0.2,-0.4,0.08561443426033649,0.042440574107305874,0.09281686193776885
your Ben Thompson aren't you,278.94,5.28,281.58,0.0,0.0,0.2,0.08640955626049704,0.04470205113153212,0.09292538528154247
I'll do the asking,281.639,5.34,284.309,0.0,0.0,0.4,0.08691689276784115,0.046123891527651714,0.0929696367481763
what's your name friend Holly,284.22,5.46,286.95000000000005,0.4939,0.0,0.7,0.08742899147482942,0.04754559598257204,0.09299711592519225
that's my wife,286.979,4.381,289.1695,0.0,0.0,0.8,0.0878750720011369,0.04877457952985583,0.0930082646837899
what do you want here anyway,289.68,3.9,291.63,0.0772,0.0,-0.7,0.08838599546674966,0.05017288663584662,0.09300759379601042
this may take a while,291.36,6.08,294.40000000000003,0.0,0.0,0.2,0.08898136162468248,0.05179144451838577,0.09299008501371865
sit on over there by your wife and relax,293.58,3.86,295.51,0.4404,0.0,0.7,0.08922581681931119,0.05245302583994576,0.09297799801016837
would it hurt so much to tell us what,311.88,3.9,313.83,-0.5267,0.2,-0.7,0.09371209169459431,0.06438862913731035,0.09233313831461441
you want there's a couple of Marshals in,313.56,3.72,315.42,0.0772,0.0,0.3,0.09413874359275537,0.06551012503574562,0.09223535040543601
clay Hardin and Mark Fletcher,317.28,3.8,319.17999999999995,0.0,0.0,0.4,0.09516931231385371,0.06821317175346078,0.09197594684369953
six years in a stinking prison hole on,325.38,4.86,327.81,-0.723271782498641,0.0,0.2,0.09764319057504633,0.07467729948822888,0.09122592681592494
account of them,327.66,6.379,330.84950000000003,0.0,0.0,-0.8,0.09854811710134734,0.07703629171904944,0.09090865450781768
I figured even things,330.24,3.799,332.1395,0.0,0.0,0.4,0.09893715945697723,0.07804991508132127,0.09076539641603142
tremendous trying to set up an ambush,334.139,3.12,335.699,0.0,0.3333333333333333,0.8,0.10002544921893997,0.08088427040930259,0.09034305912252266
Thompson you're sure not being very,335.88,4.02,337.89,0.3182,0.35,-0.7,0.10070575204249288,0.08265562082034748,0.09006306052800638
careful about it somebody's bound to see,337.259,4.5,339.509,0.1531,-0.1,-0.4,0.10121335479847066,0.08397727335100896,0.0898462008702427
you in here that means Harden and,339.9,3.96,341.88,0.0,0.0,0.4,0.10196400080139699,0.08593193718952913,0.08951314400130635
Fletcher will soon be showing up,341.759,4.201,343.8595,0.0,0.0,0.4,0.10259709507817612,0.08758088464699147,0.08922082879097773
that's the point I'm counting on them,343.86,3.72,345.72,0.0,0.0,0.7,0.10319724328959771,0.08914451801435587,0.08893411496152427
thinking this is going to be a real easy,345.96,3.36,347.64,0.4404,0.65,0.4,0.10382159846060274,0.0907718907708776,0.08862592995886738
they might try to take me without a,349.32,3.98,351.31,0.0,0.0,-0.7,0.10502853622604484,0.09392025785611341,0.08800156963816608
looks like he's catching up on some of,366.78,3.54,368.55,0.3612,0.6,0.2,0.11089991237612468,0.1093131020828744,0.08442136917545816
his sleep the hard way,368.4,4.44,370.62,-0.1027,-0.2916666666666667,0.4,0.11162327588174714,0.1112215712312367,0.08391667599775127
what about the street how does it look,370.32,4.439,372.5395,0.0,0.0,0.2,0.11229686601820316,0.11300165476167234,0.08343380225766213
just like you figured shouldn't be long,372.84,4.16,374.92,0.3612,-0.05,0.7,0.11313571579762363,0.11522264607667881,0.08281485912853365
what are you going to do to us well now,389.88,4.49,392.125,0.2732,0.0,0.3,0.11928184225357266,0.13166330434724605,0.07765572577055552
that depends doesn't it,392.58,24.42,404.79,0.0,0.0,0.2,0.12384689444262047,0.14411372515594445,0.07304756316874732
it's him all right Marshall Ben Thompson,417.0,3.539,418.7695,0.0,0.2857142857142857,-0.7,0.12885513108036512,0.1580811582594641,0.06710891403794378
I saw him to the window he's got a gun,418.919,4.821,421.3295,-0.34,0.0,0.6,0.12976342921272466,0.16065557258754742,0.0659208668572776
on Holly and his wife in the bar,420.539,3.201,422.1395,0.0,0.0,0.4,0.130050045607207,0.16147086317504555,0.06553873103250454
all right Davey you're going home we'll,425.28,4.34,427.45,0.0,0.2857142857142857,0.5,0.1319187044422604,0.16682270195736906,0.06296588526942948
take care of it,426.96,2.66,428.29,0.4939,0.0,0.7,0.13221246720343885,0.16767003864313376,0.06254904324551631
he won't need that clay you're not going,430.74,4.2,432.84,0.0,0.0,-0.7,0.13379392302700208,0.17226167152106553,0.060250486286136475
I told you I want Thompson alive and,432.479,4.261,434.6095,0.4404,0.1,0.7,0.13440415634255826,0.17404764746376714,0.059339931761350634
once he sees you he's sure to start,434.94,3.539,436.7095,0.3182,0.5,0.8,0.1351245846594838,0.17616691374856233,0.058248834998913854
that's not the real reason Mark now is,438.479,4.081,440.5195,0.0,0.2,-0.7,0.13642041885688938,0.18000982459732012,0.05624435274471119
you got a good job waiting for you up at,442.56,3.479,444.2995,0.4404,0.6560250541912488,0.7,0.13769053859266406,0.18381786506994272,0.054230490182900624
the Capitol and I'm not going to let you,444.479,4.321,446.6395,0.0,0.0,0.7,0.13846844489298005,0.18617189500196882,0.05297462348080074
risk your neck now even if you want to,446.039,4.56,448.319,-0.2023,0.0,-0.7,0.13902260740068434,0.1878595156010423,0.05207015987382897
well maybe that white collared job,448.8,3.959,450.7795,0.2732,0.0,-0.7,0.13982789089134373,0.19032849466086454,0.05074201408168934
doesn't seem so important right now,450.599,3.841,452.5195,0.3327,0.3428571428571428,-0.4,0.1403924619369301,0.19207172825251642,0.04980158697238096
look you said yourself I'd have a better,452.759,3.121,454.3195,0.4404,0.5,-0.7,0.14097205998150739,0.1938723888244834,0.04882859333498659
chance taking him alone so let's forget,454.44,3.42,456.15,-0.2911,0.0,-0.7,0.14155669273768484,0.19570050309694384,0.04783981487772225
that was before he was holed up in the,457.86,4.2,459.96,0.0,0.0,0.4,0.1427573763968065,0.19949449579150996,0.045787832996539865
bar you can't take him now not a fight I,459.36,4.32,461.52,0.2924,0.0,-0.5,0.14324243033362302,0.20104320191951347,0.04495144349536324
intend to be there when it starts not,462.06,3.84,463.98,0.0,0.0,0.4,0.14399923830056136,0.20347923811166108,0.04363883341532447
this trip clay I can't take a chance on,463.68,3.78,465.57,-0.1877,0.0,-0.7,0.1444829736791603,0.20504948105182733,0.04279540540110978
Thompson getting nervous and gun and,465.9,4.22,468.01,-0.5423,0.0,0.7,0.14521675540609902,0.20745218358677436,0.04151018444296854
Holly and his wife,467.46,2.66,468.79,0.0,0.0,0.3,0.14544908770134088,0.20821839096177078,0.041101944832113026
you don't know Thompson like I do he's,472.979,3.78,474.869,-0.2755,0.0,0.7,0.1472209693012805,0.21415605854432912,0.03797280759506869
sure to have at least one Gunslinger,475.08,3.179,476.6695,0.3182,0.1,0.7,0.14773203058355724,0.2159022976697998,0.037066644409815074
with him like he pulled on me that time,476.759,3.78,478.649,0.3612,0.0,0.3,0.1482863332098959,0.21781506944835358,0.03608207002263495
in Santa Fe you aren't going to be able,478.259,3.72,480.119,0.0,0.5,-0.7,0.14869272171129894,0.21923053089319738,0.03535879981565255
to handle them both,480.539,2.761,481.9195,0.0,0.0,0.2,0.1491842558899908,0.22095821783464467,0.03448204391481194
you cover the Corral if anybody's with,483.3,3.42,485.01,0.0,0.0,0.7,0.15001156874016414,0.22390760824062986,0.033000453057391604
Thompson the chances are they'll be,485.46,2.639,486.7795,0.2023,0.0,0.2,0.15047568318474572,0.22558672489225204,0.03216536873276791
trying to pick up some fresh horses and,486.72,2.94,488.19000000000005,0.3182,0.3,0.4,0.15084052243054277,0.22691997404480907,0.03150657343231086
you can stop him there,488.099,3.0,489.599,-0.296,0.0,0.7,0.15120036471849882,0.22824706398716274,0.030854540958105203
but stay off the street I don't want to,489.66,4.64,491.98,-0.0857,0.0,-0.7,0.15179777195677194,0.23047853928764797,0.029766426541326024
fight unless it has to be that way,491.099,3.201,492.6995,-0.3818,0.0,0.2,0.15197561690900058,0.23115003646862178,0.029440998230256168
he got Fletcher,655.079,5.23,657.694,0.0,0.0,0.4,0.13998151462658215,0.31740334230223344,-0.008347422114502845
you're better not to look like,674.839,3.901,676.7895000000001,0.1999,0.5,-0.7,0.12899415936195147,0.31398684350268846,-0.008637412327686273
he was my friend,679.5,2.899,680.9495,0.4939,0.0,0.7,0.12625748317591193,0.31274231196616276,-0.008606508956971713
was nothing I could do that shotgun just,687.0,6.019,690.0095,0.0,0.0,-0.7,0.11985583299583691,0.30938459551432584,-0.008426619735703116
practically tore him apart,689.94,3.079,691.4795,0.0,0.0,-0.8,0.11875911368496299,0.3087545075651697,-0.008383110744969946
where's Johnny,731.579,4.341,733.7494999999999,0.0,0.0,0.2,0.07986736337097036,0.2797436768088641,-0.0055194567388377296
what happened and we nailed Fletcher we,737.94,5.579,740.7295,0.0,0.0,0.7,0.0720020861103818,0.2728019964771832,-0.004764282560669771
never got a chance at harden,741.18,4.56,743.4599999999999,-0.1877,0.0,-0.7,0.06880799807874871,0.26991061769458746,-0.004448477637969029
Johnny got it on the way out yeah,743.519,4.201,745.6195,0.296,0.0,0.7,0.06623460424551471,0.2675529332682214,-0.004190719199660596
everything turned out just great,745.74,3.36,747.42,0.6249,0.6560250541912488,0.9,0.06405690702189333,0.26553894729483457,-0.0039704612848345516
I think we should have hung around and,747.72,3.299,749.3695,0.0,0.0,0.2,0.061665884261785195,0.26330851183567144,-0.003726534037921881
got hardened is that it,749.1,3.78,750.99,0.0,0.0,0.4,0.05965216844747149,0.2614150100771167,-0.00351953254841192
we had chances are we wouldn't be here,751.019,4.021,753.0295,0.2023,0.0,0.6,0.0570848357386719,0.25898181183762375,-0.003253862906405759
right now what's the difference the way,752.88,3.6,754.68,0.0,0.2857142857142857,0.3,0.054981155656900656,0.25697266595045,-0.0030349693771027065
things stand now with Fletcher dad,755.04,2.76,756.42,0.0,0.0,0.4,0.05273904458498095,0.25481662469436417,-0.0028007317521977276
Horton's going to be telling us all the,756.48,3.18,758.07,0.0,0.0,0.5,0.05059055935357516,0.2527368598096126,-0.002575579181686171
way to Boot Hill and back on the way I,757.8,3.84,759.7199999999999,0.0,0.0,0.2,0.04842105019159055,0.25062350428673047,-0.002347732863036757
got it figured,759.66,3.72,761.52,0.0,0.0,0.7,0.04603117567178229,0.24828054268732624,-0.0020963970261830256
when I was buying those Winchesters in,761.64,2.999,763.1395,0.0,0.0,0.4,0.04386106440092241,0.2461398352640696,-0.0018680512248243815
Tucson I heard a lot of talk about,763.38,3.6,765.18,0.0,0.0,0.2,0.041101079610304174,0.24339961277894795,-0.0015777415957334818
Hardin word in the capital is he's going,764.639,4.741,767.0095,0.0,0.0,0.2,0.038603124319120864,0.24090297281687914,-0.0013153464821449342
to be the new Indian commissioner,766.98,3.9,768.9300000000001,0.0,0.1363636363636363,0.4,0.03595825518140634,0.2382427814838185,-0.0010381480440747306
I think he's going to throw over a soft,769.38,3.6,771.18,0.0,0.1,-0.7,0.03283156947656688,0.23507635810907945,-0.0007116345264013389
job like that to come after us I don't,770.88,4.38,773.07,0.3612,0.0,0.3,0.030183033364943154,0.23237625547042104,-0.0004363419659181803
plan on staying around to find out if we,772.98,3.599,774.7795,0.0,0.0,0.4,0.02777099914413297,0.22990326197632635,-0.00018687388083305238
had any sense we'd be on our way to,775.26,3.98,777.25,0.0,0.0,-0.7,0.024259298102645717,0.22627941076630909,0.0001738446570531405
California tonight,776.579,2.661,777.9095,0.0,0.0,0.7,0.02331693192334252,0.22530229360681714,0.0002700845674010974
we'll clear out for California when this,781.139,3.421,782.8495,0.3818,0.1,0.4,0.016198143044921218,0.21785861863734987,0.000988163208825452
we got a good thing worked out with,784.56,3.779,786.4495,0.4404,0.6560250541912488,0.7,0.010951210770981766,0.21230302844316656,0.0015056944929120084
Delgado and his Apaches,785.82,3.84,787.74,0.0,0.0,0.7,0.009059835095490569,0.21028622185402,0.0016894518176909026
they're going to pay plenty for those,788.339,3.541,790.1095,-0.1027,0.0,0.7,0.0055743089407356465,0.20655004695849505,0.0020238391107510363
new Winchester's but if you're worried,789.66,4.14,791.73,-0.4215,0.1363636363636363,0.3,0.0031819575551818345,0.20397109509069558,0.0022499621720913636
about anything you want to pull out,791.88,5.06,794.41,0.0772,0.0,0.42,-0.0007878308238353211,0.19966561062790725,0.0026186376069771084
there's no ropes on you,793.8,3.14,795.37,-0.296,0.0,-0.7,-0.002213386924157683,0.19811158267741927,0.0027489249828084334
well maybe I'll do just that,800.519,3.56,802.299,0.2732,0.0,0.4,-0.012542716790863688,0.18672611291392574,0.0036561282566510995
no hard feelings,805.86,3.14,807.4300000000001,0.0762,0.1458333333333333,0.7,-0.020215691472111906,0.1781248348062001,0.004282839710422006
no hard feelings,809.1,3.02,810.61,0.0762,0.1458333333333333,0.7,-0.02497067045337622,0.17273190814692432,0.004648232718970378
he's getting way out of line then how,819.779,4.201,821.8795,0.0,0.0,-0.7,-0.04173435904976229,0.1533202500654524,0.005771509433360279
come you let him walk all over you we'll,822.0,4.88,824.44,0.0,0.0,-0.7,-0.04550819698968477,0.1488603284957407,0.005983772281933577
be moving out soon,823.98,2.9,825.4300000000001,0.0,0.0,-0.5,-0.0469624718123314,0.14713237974013083,0.0060610919253808815
when you know you're gonna have to kill,827.88,2.88,829.32,-0.6908,0.0,-0.7,-0.052646780264404114,0.14032727808892934,0.006337928501503006
a man Perez,829.079,5.0,831.579,0.0,0.0,0.3,-0.0559232140720098,0.13636667998055482,0.006478027799718231
cost nothing to be polite,830.76,3.319,832.4195,0.0,0.0,0.7,-0.05713717920116954,0.1348919072145348,0.006526108311696455
then you won't change your mind,855.2,4.3,857.35,0.0,0.0,-0.7,-0.09141232865555406,0.0913312333870109,0.006786142315775565
you're a fool clay I Was a Fool to let,859.5,4.86,861.93,-0.7003,0.0,0.4,-0.09723563638681097,0.08347436921112747,0.0065502634185575425
Mark Fletcher walk down that street,862.92,3.359,864.5994999999999,0.0,-0.1555555555555555,0.2,-0.10054550056384409,0.07893204150500087,0.006366344456273015
alone if that's what you mean you know,864.36,4.44,866.58,-0.25,-0.3125,-0.7,-0.10295870958167176,0.07558197933606235,0.006207003829520909
perfectly well what I mean Fletcher was,866.279,4.68,868.619,0.743,0.34375,0.2,-0.10540403239891294,0.07215209329730102,0.006022072338779416
killed doing exactly what he was paid,868.8,4.7,871.15,-0.6705,0.0249999999999999,-0.8,-0.10838211099570857,0.06792357104801265,0.0057623357984488265
how can you,870.959,2.541,872.2294999999999,0.0,0.0,0.2,-0.10963240689132281,0.06613039801960813,0.00564117923073754
as long as Ben Thompson is running loose,873.959,4.62,876.2689999999999,-0.3182,-0.0634615384615384,-0.7,-0.11420131326394627,0.05947931244472126,0.005131282257427233
I can't feel any other way,876.24,5.159,878.8195000000001,0.0,-0.125,0.8,-0.1169934761900242,0.05533119551949961,0.004762186287631172
or won't either one it adds up the same,878.579,5.88,881.519,0.0,0.0,0.2,-0.11986718364362611,0.05098745083458504,0.004330538565941658
not to me father and I have pulled a lot,881.399,4.56,883.679,0.0,0.0,-0.7,-0.12210409548883372,0.0475484339274254,0.003954071590734114
of strings in the capital arranging for,884.459,2.94,885.929,0.0,0.0,0.3,-0.12437367330596306,0.04400225196305685,0.0035320674269793627
the kind of job you said you wanted,885.959,3.901,887.9095,0.0,0.6,0.4,-0.12632042176490466,0.040911414762602065,0.003135661077208902
which means living life decent people,887.399,4.021,889.4095,0.0,0.1666666666666666,0.7,-0.12776333723381433,0.038589426264367024,0.0028201107583476067
and not Savages,889.86,4.62,892.17,0.4168,0.0,0.7,-0.1303483787729553,0.03435867386165292,0.0022054431031260464
and now you're going to walk out on it,891.42,4.979,893.9095,0.0,0.0,-0.7,-0.131930845614663,0.03172082943484525,0.0017958784184526938
maybe I'm doing you a favor only then,894.48,3.61,896.285,0.4019,0.0,0.4,-0.13403442241249383,0.028153425666971512,0.00120930830757289
you don't even know it,896.399,2.88,897.839,0.0,0.0,0.4,-0.135374918327504,0.025841393818721026,0.0008088217935733784
it doesn't have to be this way clay you,899.279,4.321,901.4395,0.0,0.0,0.4,-0.13837365065370755,0.020550040878423218,-0.00016896458642303726
don't have to be the one that gets Ben,902.22,4.38,904.41,0.0,0.0,0.7,-0.14073635206150872,0.016252863171828134,-0.0010269264080962506
Thompson why for all we know some of the,903.6,5.16,906.18,0.0,0.0,0.2,-0.14209691279801087,0.01372148827332472,-0.0015596552579960018
Marshall may have already caught him he,906.6,3.84,908.52,0.0,0.0,-0.7,-0.14384199453475338,0.010408100301797698,-0.0022880708933020323
may even be dead by now,908.76,3.0,910.26,-0.6486,-0.2,0.2,-0.14510037834050557,0.007968651917099709,-0.0028472091142162175
when I find out we'll talk about it then,911.76,3.72,913.62,0.0,0.0,0.3,-0.14743669510792748,0.003316358597454865,-0.003968185366987142
I don't know how I could have ever,913.92,3.659,915.7495,0.0,0.0,-0.8,-0.1488542069274211,0.000407368674169403,-0.004706141882533389
thought of marrying you why you are,915.48,5.82,918.39,0.0,0.0,-0.7,-0.15054462223486798,-0.003157403249851132,-0.005650035432994983
nothing but a common gunman yourself,917.579,5.581,920.3695,0.0,-0.3,-0.7,-0.1517635568972497,-0.005799313638071321,-0.006378124652382216
when you get right down to Atlanta I,921.3,3.599,923.0995,0.0,0.065079365079365,0.2,-0.15337748892653463,-0.00940031642490124,-0.0074103341230448445
guess we're all pretty common,923.16,4.64,925.48,0.4939,-0.0249999999999999,0.7,-0.15472198125005043,-0.012500330933691298,-0.008336307233261685
one way or another,924.899,2.901,926.3495,0.0,0.0,0.5,-0.15519861705692922,-0.013623408743358259,-0.00868041731981412
there's one thing you can count on,929.16,3.84,931.08,0.0,0.0,-0.5,-0.15765800946881814,-0.01964764578867128,-0.010606145816782262
you may be leaving this town as a U.S,931.32,2.519,932.5795,0.0,0.0,-0.7,-0.15839098786352757,-0.02152718453785364,-0.011234972185884758
but I'll guarantee you this,933.839,3.541,935.6095,0.3612,0.0,0.7,-0.1598046678341224,-0.025281377077520546,-0.0125316872521873
I'll see to it that you won't be one,935.579,3.711,937.4345,0.0,0.0,0.4,-0.16061307481654358,-0.027514510572859228,-0.013329109147168465
when you get back,937.38,23.06,948.91,0.0,0.0,0.3,-0.16497502534227307,-0.04108120979605188,-0.018606744973095786
say wonder if you ever seen any of these,1062.98,4.68,1065.32,0.0,0.0,0.3,-0.1548382225928538,-0.13868305019149985,-0.08314908874290836
he's off Sam howdy are you nothing wrong,1135.679,6.12,1138.739,0.3724,-0.5,0.4,-0.12072669549649052,-0.17195539402476917,-0.11280697890473118
up here I hope well we outran a bunch of,1139.16,4.92,1141.62,0.6124,0.0,0.4,-0.11930119702358948,-0.17295356038670878,-0.11347412966007804
patches a few days back Ellie won't be,1141.799,4.5,1144.049,0.0,-0.1,0.2,-0.11810263904412978,-0.1737804080169587,-0.11399974298263481
in a hurry to stop us again what can I,1144.08,3.3,1145.73,-0.296,0.0,-0.7,-0.11727533562860908,-0.1743449066255631,-0.11434337966582936
do for you,1146.299,3.24,1147.919,0.0,0.0,0.8,-0.11620111463438643,-0.17507070003150527,-0.11476579182742766
Bellamy when's the last time you saw any,1147.38,4.679,1149.7195000000002,0.0,0.0,-0.7,-0.1153205051235358,-0.1756599308226372,-0.1150916660599019
of those men yes sir those Braves tried,1149.539,4.621,1151.8495,0.6808,0.0,0.7,-0.11428261406402675,-0.17634812858168625,-0.11545164812911224
their best to get us didn't they Sam,1152.059,4.021,1154.0695,0.6369,0.6560250541912488,-0.7,-0.1132058283271558,-0.1770553737602264,-0.11579694154742344
yeah well that's the way it goes,1154.16,4.2,1156.26,0.5106,0.0,0.2,-0.11214883569901776,-0.17774339196531655,-0.11610725356198012
Marshall company just put this rig on,1156.08,4.62,1158.39,-0.1593,0.0,0.6,-0.11112675824060217,-0.1784032422221785,-0.11637958638497196
the line they ain't gonna like it all,1158.36,5.34,1161.03,-0.2755,0.0,-0.7,-0.10986851235167527,-0.1792088298967631,-0.11667621628454514
them holes in the rear end hmm,1160.7,4.979,1163.1895,0.0,0.0,-0.7,-0.10884691121290749,-0.17985794318241508,-0.11688464021233272
seen this fella before,1163.7,4.2,1165.8,0.0,0.0,0.2,-0.10762188918453215,-0.18063108678082673,-0.11709478127003065
you should see them holes back there,1165.679,5.221,1168.2895,0.0,0.0,-0.7,-0.10646454053574698,-0.18135693601700317,-0.1172518489843205
right through a new bunch of underwear,1167.9,4.82,1170.3100000000002,0.0,0.211038961038961,0.4,-0.10553358010465153,-0.1819380302695408,-0.11734773188106679
where'd we see this fella before Sam,1170.9,4.68,1173.24,0.0,0.0,0.3,-0.10419775047665898,-0.18276829700737418,-0.11743566235891971
never do forget a face at least weighs,1172.72,5.339,1175.3895,0.1695,-0.3,0.4,-0.10322908416054391,-0.18336831598995293,-0.11746110543407888
all right take your time I got all day,1178.16,6.66,1181.49,0.0,0.2857142857142857,0.7,-0.10053493521159539,-0.18503060020065615,-0.11735398595624862
don't rush me mister let me think,1181.0,5.919,1183.9595,0.0,0.0,0.4,-0.09946762895921897,-0.18568656743206724,-0.11723824469662308
say how about a refill,1184.82,4.68,1187.16,0.0,0.0,0.4,-0.09810441715417609,-0.18652230716781107,-0.11702928057170789
that's it give them some water at Dry,1186.919,4.921,1189.3795,0.0,-0.0666666666666666,0.3,-0.0971723523105949,-0.187092385155384,-0.11684665773006868
Creek Crossing a few days back just,1189.5,3.9,1191.45,0.0,-0.1,0.4,-0.09631269901965024,-0.18761721743861917,-0.11664941659609401
before that brush with the patches,1191.84,3.54,1193.61,0.0,0.0,0.3,-0.09542602463594897,-0.18815759249991015,-0.11641685362415832
what's the matter with you Sam don't you,1193.4,4.26,1195.5300000000002,0.0258,0.0,0.4,-0.09464657378478022,-0.18863182786252294,-0.1161878589576934
remember nothing I remember that looker,1195.38,4.38,1197.5700000000002,0.0,0.0,-0.7,-0.09382739649480387,-0.1891294411159014,-0.1159223015270081
they had with them hmm pretty thing,1197.66,4.5,1199.91,0.4939,0.25,0.4,-0.09289917383352976,-0.18969232327610314,-0.11559039881469134
wasn't she a woman,1199.76,4.68,1202.1,0.0,0.0,0.2,-0.09204152565761976,-0.1902115025348293,-0.11525429978713071
you sure never do forget a face,1202.16,5.7,1205.01,0.4526,0.5,0.7,-0.09091850501298679,-0.1908900303473549,-0.1147711993623402
especially when I do them a favor,1204.44,7.34,1208.11,0.4019,0.0,0.7,-0.08974303214739333,-0.19159870679574226,-0.11421294821338371
how about the water help yourself,1207.86,3.92,1209.82,0.4019,0.0,0.4,-0.0891038574535729,-0.19198340768678604,-0.11388667927070227
here quick,1310.34,4.1,1312.39,0.0,0.3333333333333333,0.4,-0.06307288283267537,-0.20759960240385844,-0.08714580234318683
cut him loose that rawhide's almost,1321.919,4.941,1324.3895,-0.5267,-0.0769230769230769,-0.7,-0.0616518547443748,-0.20855433778679366,-0.08541552367128309
hurry cut him loose,1344.78,5.6,1347.58,-0.5267,-0.0769230769230769,0.7,-0.0598994707819649,-0.20994262247674633,-0.08453283932109343
there's plenty of time,1350.659,3.201,1352.2595,0.0,0.0,-0.7,-0.05970608155983574,-0.21015256214829375,-0.08482352170634248
what are you waiting for,1363.559,2.901,1365.0095,0.0,0.0,0.4,-0.05945455252804319,-0.21060985145788091,-0.08654532570392387
please Marshall cut me loose this,1371.179,4.261,1373.3095,-0.2732,-0.0769230769230769,-0.7,-0.05950851296542186,-0.21081977630637316,-0.0884624279187643
rawhide's drawn up,1373.159,4.621,1375.4695000000002,0.0,0.0,0.4,-0.059550846799934595,-0.21086334223797049,-0.08907191353356056
let's have a,1375.44,5.7,1378.29,0.0,0.0,0.5,-0.059623765035424034,-0.21091345137844317,-0.08993923007358379
little pow-wow friendly well then kill,1377.78,6.36,1380.96,-0.2363,0.09375,0.2,-0.05971122998237271,-0.21095387337709554,-0.09083646664545675
it for God's sakes kill it,1381.14,5.519,1383.8995,-0.6908,0.0,-0.8,-0.05982829863889067,-0.2109905620846708,-0.09191108671324646
might be easier than a shotgun well it,1384.14,4.5,1386.39,0.5994,0.0,0.3,-0.05994455307732402,-0.2110152979665165,-0.09289106014713538
wasn't me if,1386.659,3.721,1388.5195,0.0,0.0,0.3,-0.06005639275470277,-0.21103186992495818,-0.09377797105728775
you didn't try to stop him now did you I,1390.38,4.58,1392.67,0.2235,0.0,-0.7,-0.06030738274331376,-0.2110521633490264,-0.09563154349371909
stop pulling up,1401.059,3.021,1402.5695,-0.296,0.0,-0.7,-0.06108276426975895,-0.2110377175882456,-0.10067161333746194
these bad toters are written snakes you,1404.419,3.601,1406.2195000000002,-0.5423,-0.5553154608281466,-0.7,-0.061431725722253694,-0.21101051827683073,-0.10273149693074557
stay out of it unless you want to be,1406.88,3.679,1408.7195000000002,0.0772,0.0,-0.7,-0.06169041442324057,-0.21098522221945742,-0.10419982011717796
back on that tree,1408.02,2.539,1409.2895,0.0,0.0,0.3,-0.06175163774763554,-0.2109787023524735,-0.10454088678912263
all right where's Ben Thompson he's,1417.26,6.06,1420.29,0.0,0.2857142857142857,0.4,-0.06309676463013139,-0.21079911999786655,-0.1115426925116567
headed for Calexico with gray Barn Perez,1420.2,6.839,1423.6195,0.0,0.0,0.4,-0.06356539444299181,-0.21072500100001385,-0.11380412077311503
Marshall Marshall I'm pulling up,1423.32,6.0,1426.32,0.0,0.0,0.7,-0.06396655628539351,-0.21065828866952957,-0.11568098899884907
I'll cut you loose Marshall please cut,1427.039,5.041,1429.5595,-0.4939,-0.0769230769230769,-0.7,-0.0644727256948316,-0.21057056357489434,-0.11797910379963698
me loose I'm pulling up,1429.32,6.8,1432.72,-0.3182,-0.0769230769230769,0.4,-0.06499281472234489,-0.2104769861333465,-0.12026630183204223
I'm pulling up please cut me loose,1432.08,4.04,1434.1,-0.2732,-0.0769230769230769,-0.7,-0.06522805489999528,-0.21043367727748827,-0.12127793026702526
a piece the girl first,1466.52,4.46,1468.75,0.0,0.25,0.4,-0.07277113353871476,-0.2088847473862174,-0.14822222553497164
hurry it up that shot will probably,1476.179,5.421,1478.8895,0.0,0.0,0.6,-0.07557929188947124,-0.20827496307442533,-0.15622440359270176
bring every Apache in the territory,1477.86,3.74,1479.7299999999998,0.0,0.0,-0.7,-0.07582439177721179,-0.20822146304722505,-0.15688120616636247
you didn't have to do that get on your,1486.52,4.84,1488.94,0.0,0.0,-0.7,-0.07863421849453348,-0.20760661741136147,-0.16397325548676828
feet we're moving out no more talk out,1489.5,3.23,1491.115,-0.296,-0.25,0.2,-0.07933105006959246,-0.20745392941049076,-0.16561357915706726
what do they call you,1506.799,8.141,1510.8695,0.0,0.0,-0.7,-0.0862457095885019,-0.20594343597356923,-0.17962252581406435
Abby Abby well I'm clay hard I'm aboard,1509.539,8.041,1513.5595,0.2023,-0.2916666666666667,0.3,-0.08726930639552655,-0.20572131459325527,-0.18137472592896858
you got a hat no,1517.58,4.2,1519.6799999999998,-0.296,0.0,-0.7,-0.08967119496100924,-0.20520208140626633,-0.18519554083165157
here's this one,1521.78,3.63,1523.595,0.0,0.0,-0.7,-0.09125932182440787,-0.2048601353093208,-0.1875192752228555
I don't need one,1523.34,3.42,1525.05,0.0,0.0,0.3,-0.09185957035895576,-0.20473114826863983,-0.18835922080378337
suit yourself,1526.76,3.48,1528.5,0.0,0.0,0.4,-0.09330410986898388,-0.20442126062640212,-0.19030001066392235
the buzzards would have brought the,1722.44,3.64,1724.26,0.0,0.0,-0.7,-0.20107124156133374,-0.1817596734415705,-0.20525801229148366
Apaches down,1724.76,4.399,1726.9595,0.0,-0.1555555555555555,0.7,-0.20259087904070774,-0.181435982702609,-0.20446072642134508
come on climb up,1726.08,3.079,1727.6195,0.0,0.0,-0.7,-0.2029612438365732,-0.1813570363786279,-0.2042628849041205
I don't need any help,1730.58,3.5,1732.33,-0.3089,0.0,-0.7,-0.20559061682064836,-0.18079589641722124,-0.2028182002033496
about five miles to the stage station so,1744.559,6.561,1747.8395,0.0,0.0,0.7,-0.2140553794501224,-0.1789804970769857,-0.19767497302332562
you better hold on to me,1748.1,3.02,1749.61,0.4404,0.5,0.3,-0.21500090115323875,-0.17877676185726357,-0.19705202265219798
wow I guess we're still riding together,1779.14,7.44,1782.86,0.5859,0.1,0.6,-0.231792338634147,-0.1751158055338192,-0.18415491417572252
yeah it looks that way doesn't it,1782.24,4.34,1784.41,0.296,0.0,0.4,-0.23252452203883464,-0.17495386468503127,-0.18350373676539652
don't see anything oh that's the idea,1817.82,5.04,1820.34,0.0,0.0,0.2,-0.24795178051582775,-0.17146925250741035,-0.1674292961067766
I've used this place before,1820.64,4.98,1823.13,0.0,0.0,0.4,-0.24901285850984134,-0.17122262614200143,-0.16611472524624318
come on wait a minute,1822.86,5.58,1825.65,0.0,0.0,0.4,-0.2499526615060098,-0.1710031331446868,-0.1649206992990275
mountain goat couldn't get up there,1825.62,5.7,1828.47,0.0,0.0,0.3,-0.25098306194873965,-0.1707612521133891,-0.16357736323855873
all right you stay here,1828.44,4.45,1830.665,0.0,0.2857142857142857,0.4,-0.2517692890093032,-0.1705757598265333,-0.16252674836467892
see you in the morning maybe,1831.32,28.96,1845.8,0.0,0.0,0.3,-0.2567982366704235,-0.16936586056800038,-0.1551781442088181
watch the light from the fire,1872.32,6.06,1875.35,-0.34,0.4,0.7,-0.26445851218704736,-0.16738505690342814,-0.14047887771199663
what do you think I am,1875.0,3.38,1876.69,0.0,0.0,0.2,-0.26473256994452604,-0.16730822230099696,-0.13980663980354244
it's not very hot do you want me to heat,1888.62,3.48,1890.36,0.0772,-0.0961538461538461,0.7,-0.2671378309494772,-0.16659373103117658,-0.1329463734156338
don't talk about it just pour it,1892.1,3.86,1894.03,0.0,0.0,0.3,-0.26765892393759116,-0.16642405880053107,-0.13110717345177506
I don't understand,1922.399,2.841,1923.8195,0.0,0.0,-0.7,-0.2697969292708533,-0.1654191578985606,-0.11635073996103913
what makes you tick,1925.399,3.081,1926.9395,0.0,0.0,0.2,-0.2697942354415545,-0.1653542986503343,-0.11483353635073403
I've known plenty of men before,1929.48,6.26,1932.61,0.0,0.0,0.5,-0.2696736191999293,-0.1652570677594462,-0.11209521241461502
I knew what most of them wanted too,1932.12,3.62,1933.93,0.0,0.5,0.6,-0.26962384309336146,-0.16523830694260505,-0.11146158133921878
you call Bentley a man,1936.5,4.919,1938.9595,0.0,0.0,0.8,-0.2693579505144441,-0.16518043548587852,-0.10906155348757066
you happen to be going my way toward,1939.2,5.359,1941.8795,0.0,0.0,0.6,-0.26914752907679795,-0.1651568471311376,-0.10767912095527679
Calexico in California,1941.419,3.14,1942.989,0.0,0.0,0.7,-0.26905666058393485,-0.16514983428304636,-0.10715606910760098
until he had a fight with Thompson,1944.6,6.0,1947.6,-0.3818,0.0,-0.5,-0.26861394014834905,-0.16513231729269134,-0.10499607291254902
now Bentley's gone thanks to you,1947.48,5.46,1950.21,0.4404,0.2,0.7,-0.2683163791916022,-0.16513079527476882,-0.10378371237795983
not California's still there,1950.6,5.52,1953.36,0.0,0.0,-0.7,-0.26791148251312946,-0.16513714051108996,-0.10233094268105741
that's all I need for a fresh start,1952.94,5.94,1955.91,0.3182,0.3,0.7,-0.26754668362458456,-0.16514889718278253,-0.10116358090101407
imagine you've had quite a few Fresh,1956.12,4.039,1958.1395,0.3744,0.0499999999999999,0.3,-0.26720034023788136,-0.16516407524295434,-0.10014954852769381
you think that tin badge makes you some,1960.159,6.181,1963.2495,0.0,0.0,0.3,-0.26630900368596216,-0.16521630691443623,-0.09784969241500682
sort of God don't you,1963.14,3.2,1964.74,0.2732,0.0,0.4,-0.2660231774996954,-0.16523616475335984,-0.09718548169888915
what would you know about Filthy Hands,1968.62,5.08,1971.16,0.0,-0.5553154608281466,0.2,-0.26465670053058693,-0.16534591934892615,-0.0943605617348484
pawing at you all the time or having to,1971.36,5.58,1974.15,0.0,0.0,0.2,-0.2639443959976216,-0.16541062063802595,-0.09306572360499688
move on every time the law decides it,1973.7,5.75,1976.575,0.0,0.0,-0.7,-0.2633308098590054,-0.1654695202232514,-0.09202571465875597
why don't you say something,1976.94,16.14,1985.01,0.0,0.0,-0.7,-0.2609424738181828,-0.16571989741733595,-0.08848258551520798
you'll do all right in California,1993.08,3.68,1994.92,0.0,0.2857142857142857,0.6,-0.25762106741024693,-0.1661064092619663,-0.08447811588155071
go on to bed,1998.419,2.781,1999.8095,0.0,0.0,0.2,-0.255772170488184,-0.16633478012169042,-0.08257005369344639
what are you laughing at,2025.299,5.36,2027.979,0.4939,0.0,0.2,-0.24229709855720882,-0.16815692555257,-0.07256099878278043
another just the way you look,2027.159,3.5,2028.909,0.0,0.0,0.7,-0.24176745839412672,-0.16823227854364042,-0.07226172429345964
what are you trying to do tell him we're,2058.8,5.26,2061.4300000000003,0.0,0.0,-0.7,-0.21975111051587395,-0.1705985210038841,-0.063148108412426
here get back at those rocks,2061.0,4.63,2063.315,0.0,0.0,0.7,-0.2182666011059754,-0.17066472341540698,-0.0627013876075691
morning man sorry to upset your,2170.7,3.7,2172.55,-0.4404,-0.5,0.2,-0.09324188586438202,-0.11943284609675563,-0.05279180621428678
well much applies Arden,2174.4,4.38,2176.59,0.2732,0.2,0.2,-0.08714771305540928,-0.11419875902885315,-0.053049430746498864
I heard you were around these parts,2176.859,4.021,2178.8695,0.0,0.0,0.2,-0.08366290571786966,-0.11110050451302442,-0.05321512373382715
somewhere getting so even the Arizona,2178.78,4.74,2181.15,0.0,0.0,0.5,-0.08014316353264889,-0.107894064518883,-0.05339560440267583
territory isn't large enough those red,2180.88,4.199,2182.9795,0.0,0.0714285714285714,-0.7,-0.07729534360535412,-0.10524334756446464,-0.053551052318032054
sticks Jim me the first thing this,2183.52,2.94,2184.99,0.0,0.25,-0.7,-0.0741409764303194,-0.10224876107798418,-0.053732843647587465
morning just about the time I finished,2185.079,3.54,2186.849,0.0,0.0,0.4,-0.07120119676281005,-0.09940279497252,-0.05391116909616303
saddling up didn't even have time to,2186.46,4.2,2188.56,0.0,0.0,0.4,-0.06847583887963449,-0.09671717281366927,-0.054084000888382146
pick up my cat never thought they'd come,2188.619,3.841,2190.5395000000003,0.0,0.0,-0.7,-0.06529933473239014,-0.09353161492969586,-0.05429438011989789
looking in the bottom of a gully they've,2190.66,3.419,2192.3695,0.0,0.0,-0.7,-0.062340338770876295,-0.09051799769772076,-0.054498835591424905
been chasing me for about an hour doing,2192.46,3.06,2193.99,0.0,0.0,-0.7,-0.059702129361248975,-0.08780021125497181,-0.05468788992525609
a pretty good job of catching me too,2194.079,3.601,2195.8795,0.7269,0.5166666666666666,0.7,-0.0566046774549626,-0.08457982364036915,-0.054917836425625595
until you came along with that rifle rib,2195.52,5.339,2198.1895,0.0,0.0,0.4,-0.05278673892365035,-0.08057844027897697,-0.05521288935734915
you always did talk too much,2197.68,5.82,2200.59,0.0,0.2,-0.7,-0.04878289983063141,-0.07635980106619979,-0.05553577298132131
Abby this is Reb Carlton good morning,2200.859,5.341,2203.5295,0.4404,0.6560250541912488,0.4,-0.043829629387852835,-0.07113323656494767,-0.05595379276052553
roll up to make sure that fires out,2203.5,4.2,2205.6,0.3182,0.5,0.4,-0.04030736527609742,-0.06742659639360239,-0.05626322517020837
we'll move out of here before they come,2206.2,3.24,2207.82,0.0,0.0,-0.7,-0.03650018031482336,-0.06344253718111341,-0.05660879373604781
back with their friends without,2207.7,4.32,2209.86,0.4767,0.0,0.2,-0.032973770252255494,-0.05978325363879949,-0.056938951068241095
breakfast without breakfast,2209.44,4.62,2211.75,0.0,0.0,0.5,-0.029682795467852213,-0.05640338410081769,-0.05725562691016424
give her a hand I'll see if I can catch,2212.02,3.72,2213.88,0.4939,0.0,0.4,-0.025946955659480603,-0.0526147349572412,-0.057624981111262116
one of those ponies we've been riding,2214.06,3.84,2215.98,0.0,0.0,0.7,-0.022238365470511706,-0.048903552194162384,-0.058002087560978556
you're kind of asking for trouble ain't,2217.9,2.459,2219.1295,-0.4019,0.1999999999999999,-0.7,-0.016635985960927416,-0.0433862038666573,-0.05859181892082868
I didn't ask for it it just happened,2220.359,5.0,2222.859,0.0,0.0,-0.7,-0.009952149748528384,-0.03693506847181361,-0.05932774009301729
well it wasn't my fault,2222.04,3.319,2223.6995,0.52,0.0,-0.7,-0.008440059059654519,-0.03549441678644547,-0.059499230961157966
another shotgun,2241.42,3.26,2243.05,0.0,0.0,0.7,0.026436910974126253,-0.003952273429199584,-0.06402491435181695
yeah let me help you with that,2255.119,7.061,2258.6495,0.5994,0.0,0.4,0.053549789910572444,0.01861935068711293,-0.06848724858005274
known him before huh yeah off and on ran,2258.7,4.86,2261.13,0.296,0.0,0.2,0.057684430974506935,0.021922958927422537,-0.06926445618827584
into him the first time up in the,2262.18,4.08,2264.22,0.0,0.25,0.3,0.06274681084284345,0.02591774375274109,-0.07025874969967566
Panhandle about a year ago how come he's,2263.56,5.279,2266.1995,0.0,0.0,0.4,0.06593417336024879,0.02840428400287487,-0.07091096409319803
carrying a shotgun hadn't got the range,2266.26,3.839,2268.1795,0.0,0.0,-0.7,0.06907574911605341,0.03083308551957375,-0.07157528398466388
for this country,2268.839,2.881,2270.2795,0.0,0.0,0.4,0.07235389409272992,0.03334373431347609,-0.07229293695898523
that's his business,2270.099,3.721,2271.9595,0.0,0.0,0.3,0.07493446295333916,0.03530271299073463,-0.07287676254477077
you're so all fired interested why don't,2271.72,5.7,2274.57,-0.2298,0.25,0.3,0.07886633429651871,0.038257176687025815,-0.0738010943488209
you ask you don't get so touchy I was,2273.82,5.519,2276.5795000000003,0.0,0.0,-0.7,0.08182506673864498,0.04045547597890069,-0.07452685678086651
just wondering after all he can't hurt,2277.42,5.04,2279.94,0.4168,0.0,0.4,0.08663286653642197,0.043979685604775186,-0.07576828143950683
anything over 30 yards away with it I,2279.339,5.221,2281.9495,0.0,0.0,0.6,0.08941957345662009,0.045993775386814165,-0.07652723737769578
don't even use one in my business oh,2282.46,5.04,2284.98,0.0,0.0,-0.8,0.09349007558646205,0.048895265765814676,-0.07769537604321913
what's that prospected,2284.56,5.7,2287.41,0.0,0.0,0.2,0.09663368802265876,0.05110074227872293,-0.07865256056808247
well you might call it that I've been,2287.5,5.7,2290.35,0.2732,0.0,0.2,0.10028648865574566,0.05362103868115503,-0.07983509964272822
called other things too yes sir that's a,2290.26,5.28,2292.9,0.4019,-0.125,0.4,0.10331499413331018,0.05567238126153618,-0.0808825099346242
good name for it prospector I'll have to,2293.2,3.84,2295.12,0.4404,0.6560250541912488,0.6,0.10584212429248596,0.05735451794651556,-0.0818103827201712
remember that there's only one,2295.54,4.44,2297.76,0.0,0.0,0.2,0.10871527435687126,0.05923029268772549,-0.08292992199469011
difference though my gold has two legs,2297.04,6.18,2300.13,0.0,0.0,0.6,0.11117401172809462,0.06080070081508124,-0.08394625209688028
on this beats a shovel anytime,2299.98,6.3,2303.13,0.0,0.0,0.8,0.11412526230148178,0.06263721534177004,-0.08524260393026205
oh a bounty hunter kill a man for the,2303.22,4.379,2305.4095,-0.6908,0.0,-0.7,0.11624918295779194,0.0639215183963332,-0.08623108508927124
price on his head,2306.28,4.68,2308.6200000000003,0.0,0.0,-0.7,0.11906986268366618,0.06557069897856749,-0.0876220360645771
I've heard of your kind now Abby you,2307.599,5.581,2310.3895,0.5267,0.6,-0.7,0.12054041047622024,0.06640116915909798,-0.08838534253445875
don't want to take that attitude you,2310.96,4.5,2313.21,-0.0572,0.0,-0.7,0.12276280638533504,0.06761168619548213,-0.08959285237947477
don't mind if I call you Abby do you I,2313.18,5.22,2315.79,0.0,0.0,0.3,0.12466678411356458,0.06859921713105821,-0.09068330968128423
don't mind if you call me Rev well now,2315.46,4.44,2317.68,0.2732,0.0,0.4,0.12598458812415364,0.06925130353907814,-0.0914709842255932
that you've settled that do you mind if,2318.4,4.14,2320.4700000000003,0.0,0.0,0.2,0.12781279991710814,0.07010562548508635,-0.09261250074475368
I finish up yes sir you'd be surprised,2319.9,5.52,2322.6600000000003,0.5574,0.1,0.5,0.12915148025082807,0.0706873380367444,-0.09348761828658944
how much gold a fella can Bank providing,2322.54,7.16,2326.12,0.0,0.2,0.7,0.1310969449121539,0.07145050302186871,-0.09482576103036018
these days alive to enjoy,2325.42,4.28,2327.56,0.7003,0.25,0.7,0.1318464013760817,0.07171289614051744,-0.09536451115750526
I know Mister oh you figure it takes is,2329.74,4.56,2332.02,0.0,0.0,0.3,0.1339478564596574,0.07232476277046511,-0.09695497869853273
a bag of gold,2332.68,5.399,2335.3795,0.0,0.0,0.8,0.13531610154548476,0.07259023068858908,-0.09806468065739092
now that depends on who's taken,2334.3,5.4,2337.0,0.0,0.0,0.3,0.13591162434875925,0.0726598345074129,-0.09856960560483741
I don't know what's between you and,2339.7,2.94,2341.17,0.0,0.0,-0.7,0.1372554711342486,0.07266866153144645,-0.09976874846118955
but if you're figuring I'd get into him,2342.64,3.66,2344.47,0.0,0.0,-0.7,0.1381307622607078,0.07250646967125407,-0.10060596695377559
through me you're barking up the wrong,2344.44,4.98,2346.93,-0.4767,-0.5,-0.7,0.13867781738010307,0.07229124724795481,-0.10115989193818747
tree he ran into me yesterday,2346.3,6.36,2349.48,0.0,0.0,-0.7,0.13915188946379653,0.07198532428641712,-0.1016663131153529
but a man named Bentley Bentley where,2349.42,4.8,2351.82,0.0,0.0,0.2,0.13950526081478945,0.07163216053267989,-0.1020674321020608
he's wanted,2352.66,3.9,2354.61,0.0,0.0,0.5,0.13982658344077378,0.07112276579732917,-0.10246617053529672
that's what I found out yesterday where,2354.22,4.139,2356.2895,0.0,0.0,0.2,0.13996855512619172,0.07077087058684899,-0.10266496430802372
floating down the river last I saw face,2358.359,4.321,2360.5195,0.0,-0.0777777777777777,0.2,0.14015900447523702,0.06973841222410522,-0.10303032928051786
one thousand dollars,2362.68,5.159,2365.2595,0.0,0.0,0.8,0.14009696134512967,0.06834227222133958,-0.10321374160535861
did he mention Perez or Graybar Ben,2364.96,4.32,2367.12,0.0,0.0,0.2,0.1399956362239363,0.06772795361198349,-0.10322167906189877
maybe he did and then again maybe he,2369.28,4.2,2371.38,0.0,0.0,0.2,0.13960570892755264,0.0661864300340582,-0.10310645616485486
or maybe he told Harden,2373.48,6.44,2376.7,0.0,0.0,0.2,0.1388214019990203,0.06400975489259697,-0.10270716725061449
Ed Abby hurry it up,2375.64,4.28,2377.78,0.0,0.0,-0.7,0.13862328668520796,0.0635352876553584,-0.10259214853273126
and you hear it,2396.18,3.6,2397.98,0.0,0.0,0.4,0.1327212167227103,0.05287248814182057,-0.09843394601203206
acts like an Apache,2434.859,5.301,2437.5095,0.3612,0.0,0.2,0.11189759234748219,0.02517115979974788,-0.08059226291463213
no I'll let him come in,2437.02,3.14,2438.59,-0.296,0.0,0.4,0.11120792701143259,0.024342482976819225,-0.07994873977818186
most likely one of delgadito's men,2440.2,4.04,2442.22,0.0,0.25,0.7,0.10885871844719928,0.021546384677474183,-0.0777330092833424
who bring word from delgadito,2449.859,4.201,2451.9595,0.0,0.0,0.7,0.10234672905313523,0.013991218845424813,-0.07139582969601807
I bring them in you had a star to the,2452.079,2.881,2453.5195000000003,0.0,0.0,0.4,0.10128052080572159,0.012779382299650333,-0.07033010591952937
but he did not die that way,2454.96,3.74,2456.83,0.6392,0.0,0.7,0.09900129295971936,0.010211067435003374,-0.0680243219775482
man called Harden killed him at Yellow,2473.5,4.579,2475.7895,-0.6705,-0.1,-0.7,0.08570860382442792,-0.00420092666248372,-0.05375402457952964
he is now following your Trail,2479.68,3.74,2481.55,0.0,0.0,0.7,0.08166673510535155,-0.008396516980791179,-0.049095782067764236
you've done well tell delgarito I'll see,2487.839,5.341,2490.5095,0.2732,0.0,0.7,0.0754637406892637,-0.014659903477918198,-0.041592808004458276
him soon and repay him delgadira says,2490.66,4.08,2492.7,0.0,0.0,0.4,0.07397066245868208,-0.016134086301331944,-0.03971445441585609
you will come with me,2493.18,4.1,2495.23,0.0,0.0,0.7,0.07226083648041427,-0.017805404633618117,-0.0375249858414025
Everywhere by northmore and we can shoot,2531.339,2.52,2532.599,-0.34,0.0,0.5,0.04898846765828646,-0.03857720148083167,-0.003097484733239341
his hardens begin to sound rough as a,2533.859,3.901,2535.8095,0.0,0.15,0.3,0.0471569518082816,-0.04004280993182549,9.264646033473209e-06
I've been on Plenty of gunfights for,2537.76,3.839,2539.6795,0.0,0.0,0.7,0.044983271972716427,-0.04174750692259567,0.0037782809224365904
foreign Hours come out on top I don't,2539.5,3.3,2541.15,0.2023,0.1875,-0.7,0.04416702411518276,-0.042377767296650055,0.005216910960858269
think our Harden's gonna be the one to,2541.599,3.48,2543.339,0.0,0.0,0.7,0.04296177685181653,-0.04329840100599797,0.007364741500562647
change anything,2542.8,4.02,2544.8100000000004,0.0,0.0,0.2,0.042158431356423484,-0.04390536561146034,0.008812126961641851
knowing Hardin I figure he's going to,2545.079,4.381,2547.2695000000003,0.0,0.0,0.3,0.04082699176344376,-0.04489944944639513,0.011239065591210014
head for the Relay station at surveillas,2546.82,4.32,2548.98,0.0,0.0,0.4,0.03990964668986927,-0.04557565565151613,0.012931787999782578
people will arrange to welcome him when,2549.46,4.1,2551.51,0.4588,0.6560250541912488,0.6,0.03856570366157191,-0.04655335271142677,0.015442386812863316
he gets there,2551.14,2.42,2552.35,0.0,0.0,0.4,0.03812288284864651,-0.04687209258148916,0.01627767863159801
well rip let's break it up right here,2631.3,4.799,2633.6995,0.2732,0.2857142857142857,0.4,0.0026637667880412908,-0.06625072000064808,0.09789259316029181
we're heading down the stream Southwest,2634.06,4.799,2636.4595,0.0,-0.1555555555555555,0.7,0.001698350811219901,-0.06659202822231826,0.10056923054842469
to cover our tracks that's a funny thing,2636.099,5.22,2638.7090000000003,0.4404,0.25,0.6,0.0009220405752179394,-0.06685894328640794,0.1027405090199789
I was figuring on doing just that looks,2638.859,4.021,2640.8695,0.0,0.0,0.4,0.0001852850980303139,-0.06710606145273128,0.10481678552663574
like we're still company,2641.319,4.26,2643.449,0.3612,0.0,0.7,-0.0006830968386954847,-0.0673896104102731,0.10728354553138553
we could use an extra gun we've run into,2642.88,5.34,2645.55,-0.34,0.0,0.4,-0.0013814078546339232,-0.0676115983450684,0.10928252032377896
plenty of Apache signs it doesn't matter,2645.579,5.821,2648.4895,-0.0191,0.0,-0.7,-0.002344989398121774,-0.06790915081723879,0.11206323878155477
I'm dropping you off at Savalas tomorrow,2648.22,5.34,2650.89,0.0,0.0,0.7,-0.00312036945864931,-0.06814127009127374,0.11431962836606199
it'll take me weeks to get a Stage West,2651.4,4.08,2653.44,0.0,0.0,-0.7,-0.003932801416168709,-0.0683775561150277,0.1167017257493225
out from that station,2653.56,5.0,2656.06,0.0,0.0,-0.5,-0.004755582234602443,-0.06860971823675276,0.11913270453844356
you'll handle it,2655.48,3.08,2657.02,0.0,0.0,0.7,-0.005054047929994624,-0.06869218162236224,0.12001913055745896
when she's mad ramp I don't want any,2661.26,5.02,2663.7700000000004,-0.5302,-0.5553154608281466,-0.7,-0.007107586878344384,-0.06923483203816319,0.12618328242395893
buzzards hanging around this Camp you,2664.54,3.299,2666.1895,0.0,0.0,-0.7,-0.00782469276548533,-0.06941443956440568,0.1283622357403432
want the girl all right take it but ride,2666.28,4.26,2668.4100000000003,0.0387,0.2857142857142857,0.4,-0.008474126493990883,-0.06957284633816578,0.1303470860918729
on out I just told you I'm riding to the,2667.839,4.26,2669.969,0.0,0.0,0.4,-0.008925157013214521,-0.06968053980299854,0.1317319063628379
station what do you two think you're,2670.54,4.14,2672.61,0.0,0.0,-0.7,-0.009680004678929752,-0.0698566430535254,0.1340609787184344
dividing a sandwich,2672.099,6.0,2675.099,0.0,0.0,0.2,-0.010380889208584708,-0.07001567894383767,0.1362360858395444
lady's got a point could be let's get,2674.68,5.52,2677.44,0.0,0.0,0.7,-0.011030869840604102,-0.07015947434271522,0.138263716561026
one thing straight red I started out,2678.099,3.24,2679.719,0.2263,0.1,0.3,-0.011655119604132765,-0.07029438956771192,0.14022030834692437
after Thompson and I have every,2680.2,4.159,2682.2795,0.0,0.0,0.7,-0.012346544163706378,-0.07044037376494719,0.14239764133857855
intention of getting him,2681.339,3.02,2682.849,0.0,0.0,0.6,-0.012498910233250591,-0.07047207873006711,0.14287884933297615
well it's all clear,2719.74,4.44,2721.96,0.5719,0.1,0.7,-0.021794627573028497,-0.07225898100554225,0.1728640357169111
good now we can get out of this yeah I,2721.839,4.201,2723.9395,0.6597,0.6560250541912488,0.8,-0.022207350266934697,-0.07234317608826925,0.17420098541916876
was beginning to think I was a canoe be,2724.18,4.74,2726.55,0.0,0.0,-0.7,-0.022743663561655827,-0.07245548745161073,0.175934378233291
great to stretch my legs hold it Abby,2726.04,5.16,2728.62,0.6249,0.6560250541912488,0.7,-0.02316255410091283,-0.07254584879127281,0.17728444900832058
but I thought,2728.92,4.74,2731.29,0.0,0.0,-0.5,-0.023694623665757957,-0.07266449540451268,0.17899338461063397
do what the man says honey look there's,2731.2,4.139,2733.2695,0.0,0.0,0.4,-0.024083164488906954,-0.07275424036760277,0.18023639099642766
an island past the bend there's no sense,2733.66,3.3,2735.31,-0.296,-0.25,-0.7,-0.02447845139580317,-0.07284856945560488,0.1814960079372491
Taking Chances we'll stay in the Stream,2735.339,4.5,2737.589,0.2023,0.0,-0.7,-0.024913731108245154,-0.07295636668461825,0.18287644909560122
and hold up there good as dead duck in,2736.96,5.42,2739.67,-0.34,0.2499999999999999,0.7,-0.02530552985621702,-0.07305729353395014,0.1841122756438832
here I can show you some of that,2772.319,7.361,2775.9995,0.0,0.0,0.7,-0.031332502635102226,-0.07544126389498221,0.2015529379765869
hey that's water you heard what the man,2776.8,5.64,2779.6200000000003,0.0,0.0,0.3,-0.031855097223659666,-0.07576882975215905,0.2028263313793947
said no fire you know that's thinking,2779.68,5.159,2782.2595,0.2584,0.0,0.3,-0.032227896878141454,-0.0760208723671533,0.2036974140203252
well I got plenty on me might as well,2782.44,5.3,2785.09,0.4939,0.0,0.7,-0.03262013897875674,-0.07630397650692654,0.20457732059515438
get some in me,2784.839,2.901,2786.2895,0.0,0.0,0.7,-0.03278404278008683,-0.07642789594959519,0.20493343001188066
want something to eat no thanks,2792.839,5.821,2795.7495,-0.2746,-0.1,-0.5,-0.03402970171174214,-0.07748320176911366,0.2074017704911581
no coffee no Indians I guess,2800.26,8.4,2804.46,-0.0803,0.0,0.4,-0.03510605725103428,-0.07856757697553696,0.20916264870356438
that all you got to do,2808.66,3.0,2810.16,0.0,0.0,0.2,-0.0357757677158109,-0.07932941654071649,0.21006334860825804
but I'm learning something well that's a,2811.66,3.54,2813.43,0.3919,0.0,0.4,-0.036148131963298684,-0.07978347884619778,0.21049394686786918
they say you can tell a man by the way,2815.2,5.04,2817.72,0.0,0.0,0.7,-0.03662399747923112,-0.08039661255882917,0.21096672478560705
he treats his horse yeah or his guns,2817.06,5.039,2819.5795,0.296,0.0,0.2,-0.0368259118308727,-0.08066818084678481,0.21113993840149367
that makes sense,2820.24,3.599,2822.0395,0.0,0.0,0.7,-0.03708908355285561,-0.08103255231351819,0.211340277321302
they're both life or death in this,2822.099,3.72,2823.9590000000003,-0.5994,0.0,0.7,-0.037291362655188454,-0.08132073681384816,0.2114741815737668
country whatever you do adds up to that,2823.839,3.421,2825.5495,0.0,0.0,0.7,-0.037456966907957405,-0.08156199161398937,0.21157048699783654
doesn't it,2825.819,3.361,2827.4995,0.0,0.0,0.2,-0.03765756234020164,-0.08186070542086354,0.2116707161750944
what are you afraid of someone liking,2827.26,3.599,2829.0595000000003,0.4019,-0.5553154608281466,0.3,-0.03781613188070632,-0.08210191011951412,0.21173694765861945
or is it the other way around,2830.859,3.381,2832.5495,0.0,-0.125,0.2,-0.0381648692320536,-0.08264832558982464,0.21184109757593456
what are you after this time,2834.64,3.26,2836.27,0.0,0.0,0.2,-0.0385277304104958,-0.08324042770921314,0.21188680833805307
does someone always have to be after,2838.0,4.339,2840.1695,0.0,0.0,0.2,-0.03889851979177461,-0.08387059856887107,0.21186473946105122
I will take a look around,2847.42,5.34,2850.09,0.0,0.0,0.4,-0.03980031669344139,-0.08551034437579556,0.21150297376735172
everybody's got an ax to grind,2854.14,4.62,2856.45,0.0,0.0,0.4,-0.040349247199834876,-0.0865825502417811,0.2110552282101624
one way or another I only knew one man,2856.54,3.84,2858.46,0.0,0.0,0.2,-0.040518299273780645,-0.08692383657034637,0.2108808664221669
who didn't,2858.76,3.95,2860.735,0.0,0.0,-0.5,-0.040707178238507793,-0.0873111957703068,0.2106652225464207
is that where Thompson comes in,2860.38,4.8,2862.78,0.0,0.0,0.3,-0.04087478868131673,-0.08766019196913526,0.21045520252018124
I know red wants him,2865.18,5.12,2867.74,0.0,0.1,-0.7,-0.04127309942835141,-0.08850877264785599,0.2098845039033941
and he wanted Bentley too,2867.04,3.26,2868.67,0.0,0.0,0.6,-0.041346531858614775,-0.08866807685387901,0.2097681440214972
is Thompson or reason for your shotgun,2871.119,6.421,2874.3295000000003,0.0,0.0,0.4,-0.04178532883285991,-0.08963748036447244,0.20899944624116773
you ever see a man was worked over by a,2875.8,2.7,2877.15,0.0,0.0,-0.7,-0.041999061809588546,-0.09011985665055729,0.20857910909368163
you know the man I was telling you about,2880.119,4.74,2882.489,0.0,0.0,0.4,-0.04239524630112349,-0.09102969577376982,0.20771992587409635
the one who didn't have an ax to grind,2881.44,5.879,2884.3795,0.0,0.0,0.6,-0.04253303868564555,-0.0913504022838819,0.2073967543700878
Thompson worked him over good,2884.859,5.511,2887.6145,0.4404,0.6560250541912488,0.7,-0.04276597979499378,-0.09189686744404042,0.2068220137014565
both barrels,2887.319,4.741,2889.6895,0.0,0.0,0.8,-0.042913582378541454,-0.09224558573221732,0.20643948964734346
I think I'll wash up,2892.06,5.58,2894.85,0.0,0.0,0.4,-0.04327493155321978,-0.09310551297411025,0.20544395083992245
stay on the South Bank,2897.64,3.26,2899.27,0.0,0.0,0.7,-0.0435784287888321,-0.09383216263604165,0.20454467436828086
ain't that pretty,2927.839,4.301,2929.9895,-0.3875,0.25,0.7,-0.04557934911605296,-0.09849219760216031,0.19741915460754092
you're worse than a hound dog in,2930.579,3.301,2932.2295000000004,-0.4767,-0.4,-0.8,-0.04572066246793892,-0.09879653100570898,0.19685950985539624
springtime aren't you man,2932.14,4.37,2934.325,0.0,0.0,0.7,-0.04585262119762659,-0.09907585526801829,0.19633332265701076
it's always open season on her kind,2933.88,57.54,2962.65,0.5267,0.3,-0.7,-0.047642497353846305,-0.10225204967431527,0.189171997385592
I'll kill you,3030.38,3.36,3032.06,-0.6908,0.0,-0.9,-0.05277068660989266,-0.10316255638859442,0.17609984446795862
you're feeding you you're always at each,3036.5,4.0,3038.5,0.0,0.0,0.3,-0.053352033676310404,-0.10259035949221593,0.17557457339978458
other's throats,3039.18,6.02,3042.19,0.0,-0.125,-0.7,-0.05369625565706493,-0.10220279681809999,0.1753475601394133
I mean he's always admire why,3040.5,4.7,3042.85,0.4767,-0.3125,0.5,-0.05375870969608902,-0.10212879247928029,0.17531285888421522
a lot of friendly is in ones,3045.359,5.7,3048.209,0.4939,0.375,0.7,-0.05427609114413205,-0.10147427687154875,0.1750996606487002
feet first,3048.72,4.98,3051.21,0.0,0.25,0.8,-0.05457404333024817,-0.10106532603420242,0.17503522525459203
thousand dollars in gold,3051.059,5.04,3053.579,0.0,0.0,0.3,-0.05481355694056328,-0.10072055141240976,0.175013204888238
a friend yeah,3053.7,4.44,3055.92,0.6597,0.0,0.7,-0.055054061539737215,-0.10036055904098623,0.17501705596902722
the Playboy was on the outlaw Trail,3056.099,4.861,3058.5295,0.0,0.0,0.4,-0.05532669751918772,-0.09993649172313218,0.17505179877886776
himself until some Marshall friendly has,3058.14,6.06,3061.17,0.4939,0.375,0.5,-0.055607418738694146,-0.09948320015053407,0.1751191965342392
reformed him he started wearing a badge,3060.96,7.5,3064.71,0.0,0.0,0.2,-0.05599131435036837,-0.098837990788008,0.175259277143168
he's still more killer than law me,3064.2,6.659,3067.5295,-0.6801,0.5,0.7,-0.05630317187236082,-0.09829393075492888,0.17541062089060622
the gun on you a dozen,3068.46,6.06,3071.49,-0.34,0.0,0.5,-0.05675021302702531,-0.09748548398012365,0.17568109805092572
not clay Gunman's Pride,3070.859,6.601,3074.1595,-0.2584,0.0,0.4,-0.05705736175722788,-0.09691200603724164,0.17590055092323106
always once the other fella to make the,3074.52,4.92,3076.98,0.0,-0.125,0.4,-0.05738690526616749,-0.09628161335226025,0.17616402785931004
first move,3077.46,4.2,3079.56,0.0,0.25,0.4,-0.05769280638207532,-0.09568334174750807,0.17643280219131288
no profit in that,3079.44,4.02,3081.4500000000003,-0.3412,0.0,-0.7,-0.05791956616581438,-0.09523217186474876,0.17664615661461436
I should have let him drown you he's,3083.46,5.76,3086.34,-0.5719,0.0,-0.8,-0.05851657060615212,-0.09401531345152221,0.17726089276440668
twice the man you'll ever be,3086.099,5.941,3089.0695,0.0,0.0,-0.7,-0.058856166333907986,-0.09330569783112427,0.17764217600436322
kind of got you interested huh,3089.22,4.8,3091.62,0.4019,0.425,0.7,-0.0591775356761281,-0.09262341883906569,0.17802232880930588
always did like spirit,3094.02,4.099,3096.0695,0.4939,0.0,0.7,-0.059747374084219894,-0.09138979326816353,0.17873891220619795
somebody's out there,3147.859,10.391,3153.0545,0.0,0.0,0.4,-0.06795753308038696,-0.07149998274274098,0.19256140980270525
here they are and maybe they are cover,3166.44,4.82,3168.85,0.0,0.0,0.2,-0.07048495913372163,-0.06495331693455725,0.19738108147000638
me open up,3168.0,3.26,3169.63,0.0,0.0,0.7,-0.07061208398874766,-0.06462173114843553,0.19762444304120214
all right get up get up,3258.3,5.42,3261.01,0.0,0.2857142857142857,0.7,-0.08652468951894039,-0.023538916126487997,0.22412679089962875
can't we stop for a while,3295.559,4.04,3297.579,0.2235,0.0,0.3,-0.09313431335418315,-0.007957613783549398,0.22997292003469155
not too many miles you can't take a,3299.819,4.381,3302.0095,0.0,0.5,0.3,-0.09393151357891366,-0.006187150271884937,0.23035094508744736
chance stopping here play I can't ten,3301.5,4.079,3303.5395,0.4215,0.0,-0.7,-0.09420642436431655,-0.00558299150473472,0.23046256284529976
minutes won't hurt it'll be good to,3304.2,2.94,3305.67,0.6884,0.6560250541912488,0.7,-0.09458886633570732,-0.004748123194849347,0.23060142142554996
you stretch last time you stretch you,3307.14,5.36,3309.82,0.0,0.0,0.6,-0.09533248921138887,-0.00314402660270105,0.2308153026484624
lost your entire camp,3309.359,3.141,3310.9295,-0.3182,0.0,-0.8,-0.09553097404730611,-0.00272028037448834,0.23085955045420833
yeah I heard the man,3318.359,3.321,3320.0195,0.296,0.0,0.4,-0.09715129847973977,0.0006656221020637943,0.23100853515424824
I'm gonna look over there stuck see if I,3363.3,5.26,3365.9300000000003,-0.25,0.0,0.3,-0.10509961077398003,0.01493543837259929,0.22508818934920558
can pull a switch,3365.94,15.449,3373.6645,0.0,0.0,0.4,-0.1063859408028825,0.016783405732867206,0.2228368614604696
hello there,3392.88,2.9,3394.33,0.0,0.0,0.3,-0.10972475303069047,0.020782179040229373,0.21478409416976518
he gets around don't see yeah,3417.48,3.619,3419.2895,-0.2235,0.0,0.3,-0.11353424935960153,0.02357833634715272,0.20073698366593482
Abby get behind the wagon,3430.859,9.26,3435.489,0.0,-0.4,0.3,-0.11585389520410845,0.024058658951308542,0.18884058137240295
long time no see,3441.059,3.141,3442.6295,-0.296,-0.05,0.6,-0.11683381795845774,0.023908728682093795,0.1828534018055672
I heard you was wearing a badge,3444.78,3.62,3446.59,0.0,0.0,0.4,-0.11736546489425906,0.02372597594223331,0.17932921495338147
glad your ears are still good Perez,3449.88,3.8,3451.78,0.7096,0.6,0.2,-0.11804891739274613,0.02337620958275371,0.17448660835488042
what do you hear from Thompson,3454.319,3.441,3456.0395,0.0,0.0,0.7,-0.11859832399347482,0.02299380279254193,0.17031879361931423
that's enough you,3458.76,2.96,3460.24,0.0,0.0,0.2,-0.11912969550693916,0.02253081793904413,0.16603500243149275
'll ride back the way you came you know,3462.18,3.74,3464.05,0.0,0.0,-0.7,-0.11960251261832049,0.022035814709266445,0.16199800248315288
you know you haven't answered my,3466.68,3.0,3468.18,0.0,0.0,0.2,-0.12010498974278724,0.02141719912699276,0.1574568009889708
where's Thompson,3469.68,5.28,3472.32,0.0,0.0,0.3,-0.12059796573446258,0.02070998858625884,0.1527296859800369
he said tell you he was sorry,3472.26,5.9,3475.21,-0.0772,-0.5,0.4,-0.12093561413228733,0.02016383316834429,0.14932467209445807
he said he couldn't wait,3474.96,3.2,3476.56,0.0,0.0,0.7,-0.12109148701604347,0.019893757141448143,0.14770417461937074
you ever try shooting a man from the,3492.0,4.38,3494.19,0.0,0.0,-0.7,-0.12301485148308462,0.015467180171060593,0.12474831878807835
front not unless I had to,3493.5,5.9,3496.45,0.0,0.0,-0.7,-0.12324581862816417,0.014775555650591243,0.12155890412308974
she's learning too,3496.38,3.02,3497.8900000000003,0.0,0.0,0.7,-0.12339107439648705,0.014319759254002418,0.11949678348843583
what are you doing with that I told you,3502.8,3.72,3504.6600000000003,0.0,0.0,-0.7,-0.12405374833604531,0.012017169658516277,0.10948623106351421
to stay behind the wagon a woman's got a,3504.3,4.319,3506.4595000000004,0.0,-0.4,0.7,-0.12422419449787361,0.011360279562436362,0.10673707698920243
right to fight for what she wants,3506.52,5.66,3509.35,-0.3818,0.2428571428571428,0.7,-0.12449288764096395,0.010265160457569922,0.10224587211712792
yeah that wasn't done much good anyway,3508.619,3.561,3510.3995,-0.0531,0.6560250541912488,-0.7,-0.12458888067081669,0.009855263477202517,0.10059300461966618
clay get us out of this,3514.68,6.26,3517.81,0.0,0.0,-0.7,-0.12524256406678047,0.006772405227504358,0.08860971670721546
put it back where you got it,3517.859,3.081,3519.3995,0.0,0.0,-0.7,-0.12537719286491086,0.006067620491125136,0.08597289821626157
my head is penned in since yesterday we,3526.14,4.02,3528.15,0.0,0.0,-0.7,-0.12608218071583785,0.0019066994993486713,0.0710898294597398
couldn't warn you how did Thompson know,3527.88,4.38,3530.07,0.0762,0.0,-0.7,-0.1262285411298391,0.0009292355891470094,0.06774956234693179
you were coming I didn't hear about it,3530.16,3.6,3531.96,0.0,0.0,-0.7,-0.12636963974240073,-5.593843229342865e-05,0.06443825824004473
that's one of those Indians he's been,3532.26,3.78,3534.15,0.0,0.0,-0.6,-0.12652941463857806,-0.0012261946895343462,0.06057431778692328
running guns to told him Army boys went,3533.76,3.839,3535.6795,0.0,0.0,0.2,-0.12663861580969069,-0.0020618916804908682,0.057859589207980525
through about a week ago told us about,3536.04,2.819,3537.4495,0.0,0.0,0.2,-0.12676252129293036,-0.003047982716664205,0.05470249054286697
where's Thompson,3538.859,3.061,3540.3895,0.0,0.0,0.2,-0.1269624353427941,-0.004731220938500522,0.049424621569018896
he left them two behind to wait for you,3540.299,5.461,3543.0295,0.0,-0.2,0.2,-0.1271356203124519,-0.006291295091117227,0.04465289049576277
when he rode off which way is he heading,3541.92,6.24,3545.04,0.0,0.0,0.2,-0.1272634541579925,-0.007510464952123028,0.04100075774723027
what was that name he mentioned,3545.76,4.74,3548.13,0.0,0.0,0.2,-0.12745302371225856,-0.009437078754967076,0.03536106623237515
I think it was uh Dakota yeah that's,3548.16,4.139,3550.2295,0.296,0.0,0.2,-0.1275770128446299,-0.010782914196588583,0.03151339976811241
right one of the Renegades that broke,3550.5,4.02,3552.51,-0.4215,0.2857142857142857,0.4,-0.1277072377354197,-0.01227877133838165,0.027322048536300235
off the reservation he's leading a group,3552.299,3.661,3554.1295,0.0,0.0,0.7,-0.12779688063016845,-0.01336268493599388,0.024339249528075063
of about 40 Braves have been running,3554.52,2.88,3555.96,0.4404,0.0,0.4,-0.1278953472186204,-0.014609570715870351,0.020962734232016014
you used to know him didn't you yeah,3557.4,4.56,3559.6800000000003,-0.2235,0.0,0.3,-0.12808603774893862,-0.017215167673200846,0.014089156374990997
yeah where these Apaches been holding up,3559.2,4.44,3561.42,0.296,0.0,0.7,-0.12817086173542594,-0.01846711728469408,0.010871018167456075
last report had him at mountain range,3561.96,4.28,3564.1,0.0,0.0,0.4,-0.12829600947203434,-0.02043714279288579,0.005913695208533538
south of here,3563.64,2.6,3564.94,0.0,0.0,-0.5,-0.12833385345642354,-0.02106508536766044,0.004360240940393468
now boys this is Abby Ed Frank we do,3569.46,6.42,3572.67,0.0,0.0,-0.7,-0.12865075599545672,-0.027080872138441875,-0.009904173411363045
he hasn't changed a bit has he,3582.18,4.99,3584.675,0.0,0.0,0.4,-0.12902816369764922,-0.037289020858711455,-0.03179198379588787
sure hasn't,3584.22,6.29,3587.365,0.3182,0.5,-0.7,-0.1290931060587559,-0.03972387712766616,-0.036624116482096375
he wouldn't mind signing this happen,3596.16,5.24,3598.78,0.0,0.0,0.4,-0.1292864883770835,-0.050671561159475895,-0.05670151652702493
David for Graybar would you Marshall,3597.54,10.079,3602.5795,0.0,0.0,0.4,-0.1293207852452805,-0.05454007015447972,-0.06319797785977736
why don't you wait here,3618.78,4.019,3620.7895,0.0,0.0,0.2,-0.12926945029279338,-0.07468445980333126,-0.09261786687041457
Thompson will show up when he gets tired,3620.7,4.5,3622.95,-0.4404,-0.4,0.3,-0.12923909929065805,-0.07725426898649465,-0.09588625243097611
of waiting for a word of what's happened,3622.799,4.381,3624.9895,0.0,0.0,-0.7,-0.12920562271887406,-0.07971582074406112,-0.09892228651465423
uh you don't know Thompson he'll keep,3625.2,4.28,3627.34,0.0,0.0,0.3,-0.12916119212424432,-0.08259593069952062,-0.1023597483364271
so alive until I find him,3630.0,4.98,3632.49,0.4391,0.1,0.8,-0.12904174860883796,-0.08906932247261377,-0.10964929929189463
see if it isn't Ben Thompson if well,3632.339,4.801,3634.7395,0.2732,0.0,0.3,-0.1289799675632455,-0.091967681999367,-0.11272392507754718
there'll always be somebody,3634.98,4.859,3637.4095,0.0,0.0,0.4,-0.1288989841052639,-0.09546417011080273,-0.11628275818351319
maybe maybe what,3637.14,4.56,3639.42,0.0,0.0,0.2,-0.12883248551599136,-0.09813760075070897,-0.1188956222357309
maybe someday you'll run into a faster,3639.839,5.661,3642.6695,0.0,0.0,0.2,-0.12871490971374894,-0.10253276853170468,-0.12299285229762194
Gunner you'll get shot from behind,3641.7,3.8,3643.6,0.0,-0.4,-0.7,-0.1286789311676558,-0.10380830045444768,-0.12413670113026626
clay why can't the army take care of him,3645.54,4.68,3647.88,0.4939,0.0,-0.7,-0.12850009209218596,-0.10977328260092407,-0.12922349493301272
if he's mixed up with delgadito it's,3647.76,3.9,3649.71,0.0,0.0,0.4,-0.12841689026844114,-0.11237311396943973,-0.1313084516140124
their job now,3650.22,4.46,3652.45,0.0,0.0,0.2,-0.1282847120099554,-0.11632144823517368,-0.13432588752997549
Abby listen I've got something to finish,3655.079,3.961,3657.0595,0.0,0.0,0.2,-0.12804161155760485,-0.12311548323890739,-0.13911008522067872
and when I do I'm heading back for a,3657.18,3.48,3658.92,0.0,0.0,0.4,-0.1279360603048248,-0.1259110485960447,-0.1409341275664
little ranch I've got,3659.04,3.36,3660.72,0.0,-0.1875,0.5,-0.12782983359397254,-0.12864013413774966,-0.14264013661780856
it's not exactly the kind of life that,3660.66,3.6,3662.46,0.0,0.2375,-0.7,-0.1277232782634541,-0.13129618094645493,-0.14423491001722183
you'd like,3662.4,5.34,3665.07,0.3612,0.0,0.7,-0.12755625127093112,-0.13530300694672384,-0.14652795721256956
not the kind of life I'd like huh,3664.26,4.92,3666.72,0.3612,0.6,-0.7,-0.12744616843105455,-0.1378439280895073,-0.14791688827339203
why don't you say what you're really,3667.74,2.879,3669.1795,0.0,0.2,-0.7,-0.12727556042834404,-0.1416327441885274,-0.14990102962411977
thinking that I'm not good enough for,3669.18,3.24,3670.8,-0.3412,-0.175,-0.7,-0.1271588542346736,-0.14412436286695393,-0.15115253316398267
you I suppose,3670.619,3.601,3672.4195,0.0,0.0,0.2,-0.12703878339575433,-0.14660627861765455,-0.15235945524057648
wasn't like that this morning was it,3672.42,6.12,3675.48,-0.2755,0.0,-0.7,-0.1268024151639249,-0.151260961386349,-0.15452211064552532
Abby now listen oh you listen to me,3674.22,6.42,3677.43,0.0,0.0,0.7,-0.12664530221756354,-0.15419286525065454,-0.1558204650067543
maybe I was foolish enough to have some,3678.54,4.44,3680.76,-0.2732,0.0,-0.7,-0.1263651558322348,-0.1591171536881305,-0.1578967526312626
ideas concerning you maybe I thought I,3680.64,3.959,3682.6195,0.0,0.0,0.2,-0.12620215749357466,-0.16181148033765794,-0.1589799226885385
found a man,3682.98,3.78,3684.87,0.0,0.0,0.6,-0.12599853447883727,-0.16500906359612744,-0.16021885393924937
well all right so I danced in a saloon,3684.599,5.661,3687.4295,0.2732,0.2857142857142857,-0.7,-0.1257584280827753,-0.16854934725881318,-0.16153335760992063
and so I put up with all of it,3686.76,3.5,3688.51,0.0,0.0,0.4,-0.12565432247989658,-0.17000969564369803,-0.16205844289555532
well where would you be if someone,3690.359,3.061,3691.8895,0.2732,0.0,0.3,-0.12531810008414396,-0.17443062039874063,-0.16358808835873173
hadn't dragged you off the outlaw Trail,3691.68,5.419,3694.3895,0.0382,0.0,0.4,-0.1250589415449583,-0.17754293831968157,-0.16461138369712836
and given you a chance to straighten out,3693.42,3.679,3695.2595,0.25,0.0,0.5,-0.1249666551700289,-0.17859157565799422,-0.16494620688062483
rep told me all about it,3698.099,3.5,3699.849,0.0,0.0,0.7,-0.12446170192331883,-0.18379962689196103,-0.16653374668758747
all right Abby once and for all I'm,3702.299,4.02,3704.309,0.0,0.2857142857142857,0.7,-0.12394146192903145,-0.18828010134305945,-0.16779487383854655
going to tell you something killing,3704.52,3.72,3706.38,-0.6597,0.0,-0.7,-0.123689858124995,-0.19014385386472518,-0.16828847301156896
Thompson the hard way will serve as an,3706.319,3.54,3708.089,-0.1027,-0.2916666666666667,0.4,-0.12347739569992948,-0.19157045963150993,-0.16865269009282902
example for every gunman in the,3708.24,3.72,3710.1,0.0,0.0,0.2,-0.12322174830716154,-0.19311528509738612,-0.1690320360331319
territory oh that's your excuse and,3709.859,5.661,3712.6895,0.0772,-0.05,-0.7,-0.12288351096185195,-0.1948922268202932,-0.16944329202483294
there'll always be one won't there,3711.96,3.56,3713.74,0.0,0.0,0.4,-0.12274337249998818,-0.19554570608564414,-0.16958568504816618
all right go ahead take your shotgun,3724.559,4.56,3726.839,0.0,0.2857142857142857,0.5,-0.12085150381941552,-0.20053601585895092,-0.17022530375439973
keep killing only this time you'll be,3726.96,3.599,3728.7595,-0.6597,0.0,0.3,-0.12055124066066017,-0.20079232005068717,-0.1701496046972011
trying to forget the sight of a man you,3729.119,4.7,3731.469,-0.2263,0.0,-0.7,-0.12011746954670019,-0.2009549367938575,-0.16997260467446096
blistered with buckshot,3730.559,3.26,3732.189,0.0,0.0,-0.7,-0.12000019318781624,-0.20095944304655217,-0.16991196056457708
delgadito greets his friends,3811.64,5.32,3814.3,0.5719,0.0,0.7,-0.1005766891487975,-0.11512842895223561,-0.13467942555133283
friend does not come empty-handed,3814.74,4.74,3817.11,0.4939,0.0,0.6,-0.09968170825446648,-0.10987363012108217,-0.1328023172854428
he went to have brought us guns,3816.96,4.32,3819.12,0.0,0.0,0.6,-0.09903143385187071,-0.10605011079668265,-0.13144563400199244
I couldn't bring the shipment through,3819.48,3.18,3821.07,0.0,0.0,-0.7,-0.09839248035697482,-0.10229093959897693,-0.13011912749601354
not with Hardin following me every,3821.28,3.0,3822.78,0.0,0.0,-0.7,-0.09782557888896752,-0.09895532022969039,-0.1289480774108821
answer the way,3822.66,3.24,3824.28,0.0,0.0,0.2,-0.09732320623591847,-0.09600011079473975,-0.12791522668889843
you want those Winchesters maybe you'd,3824.28,3.09,3825.825,0.0772,0.0,0.3,-0.09680076879238084,-0.0929284674627367,-0.12684625803686084
better take care of hard in yourself,3825.9,3.3,3827.55,0.6908,0.1041666666666666,0.7,-0.09621145373346342,-0.08946659462858335,-0.1256470196590462
I have already done much for you,3829.2,4.56,3831.48,0.0,0.2,0.7,-0.09484501567283475,-0.08145759159835045,-0.1228947893513401
you know what happened to Bentley,3831.78,5.16,3834.36,0.0,0.0,-0.7,-0.09382248349951197,-0.07548660623324592,-0.12086282995426031
my Apaches have been as your own,3833.76,5.099,3836.3095,0.0,0.6,0.7,-0.09312008465288174,-0.07139879600415566,-0.1194814483090251
you cannot go on this way,3836.94,3.899,3838.8895,0.0,0.0,-0.7,-0.09217773606834749,-0.06593485216032471,-0.11764731157955813
it better go on,3838.859,3.181,3840.4495,0.4404,0.5,0.7,-0.09160084484086281,-0.06260256054271582,-0.11653560605521712
you and your people want those new,3840.839,3.48,3842.579,0.0772,0.1363636363636363,0.7,-0.09080467168470994,-0.05802079989327213,-0.11501555752243565
weapons to fight with and perhaps it is,3842.04,4.62,3844.35,-0.6705,0.0,0.2,-0.09013486923253612,-0.05418281235411397,-0.11374973731811419
wise until at the fighting end,3844.319,3.901,3846.2695,0.1531,0.6560250541912488,0.5,-0.08940100685020977,-0.04999682468549958,-0.11237630886447574
even returning to the white soldiers,3846.66,3.3,3848.31,0.0,0.0,0.4,-0.08861183580241204,-0.04551962346938155,-0.11091479102396565
reservation is better than continuing a,3848.22,4.8,3850.62,0.4404,0.5,0.6,-0.08770712589920322,-0.04042052421643978,-0.10925858260107543
fight without hope of winning it,3849.96,4.44,3852.18,-0.723271782498641,0.5,-0.8,-0.08708932791330769,-0.03696055702762393,-0.10813923207838472
that's up to you,3853.02,2.76,3854.4,0.0,0.0,0.5,-0.0862006220264432,-0.03201671965507237,-0.1065452770929677
but you can still have the guns if you,3854.4,3.419,3856.1095,0.0,0.0,0.3,-0.08550861567483706,-0.028195711459667098,-0.10531716221847544
want to string along,3855.78,3.43,3857.495,0.0772,0.0,0.4,-0.08494285298491216,-0.02509118104198963,-0.10432144533687633
better think it over,3857.819,4.82,3860.229,0.4404,0.5,0.2,-0.08381347795283074,-0.018948342988849155,-0.10235587243589093
aren't you going to invite me down,3895.2,4.44,3897.42,0.1531,-0.1555555555555555,0.4,-0.06668786623058372,0.06347030023073523,-0.07573666782689124
why I thought you said everything what,3897.54,3.9,3899.49,0.0,0.0,0.2,-0.06563519536217916,0.06780903618606209,-0.07427354264926826
are you doing here,3899.64,3.84,3901.56,0.0,0.0,0.2,-0.06457172154407811,0.0721022576254928,-0.07281360587035529
didn't want to wait around survivalists,3901.44,2.639,3902.7595,-0.0572,0.0,-0.7,-0.06395050966245153,0.0745680748058868,-0.07196915084223143
Reb said that Rev so that's who brought,3904.079,4.381,3906.2695,0.0,0.0,0.2,-0.06211169276619981,0.08168488567778555,-0.06950494257387517
you here huh,3906.839,5.101,3909.3895,0.0,0.0,-0.5,-0.060450748665554443,0.08787858952705169,-0.06732367766560968
well where is he back there,3908.46,5.28,3911.1,0.2732,0.0,0.2,-0.0595295353617732,0.09121758716510517,-0.06613172051126112
I thought it'd be best if I came in,3911.94,2.31,3913.095,0.6369,0.6560250541912488,0.4,-0.05844555269276515,0.09505853734695394,-0.06474517055352035
suppose you ride back and flag him in,3916.319,4.02,3918.329,0.0,0.0,0.6,-0.055552492721150454,0.1048437052565905,-0.06112739462268331
don't yell flag him in,3918.42,4.699,3920.7695,0.0,0.0,-0.7,-0.0541790234893213,0.10925200517730876,-0.05945099987295235
how do you take it,3936.42,3.48,3938.16,0.0,0.0,0.5,-0.04393324010613323,0.13735221527059197,-0.04772890496387374
I'm not sure,3938.22,3.96,3940.2,-0.2411,-0.25,0.2,-0.04267786469601821,0.1402205585458905,-0.04638257212947719
well I kept my end of the bargain I got,3939.9,4.679,3942.2395,0.4404,0.0,0.7,-0.04141141175043694,0.14298933202198594,-0.045043226407213734
you here see you live up to York,3942.18,4.439,3944.3995,0.0,0.1363636363636363,0.4,-0.04005767027841968,0.14581472040855373,-0.04363220419988212
don't worry if I head my way you'd go,3944.579,4.141,3946.6495,0.3412,0.0,0.5,-0.03863383388355559,0.14864260155947426,-0.042170769923324296
after Thompson alone that's the way I,3946.619,3.381,3948.3095,-0.25,0.0,0.6,-0.03757436985649088,0.1506546710676063,-0.041098176229859985
I told you once I didn't want any,3972.96,3.06,3974.49,-0.0572,0.0,-0.7,-0.01983633142895331,0.17465783164727716,-0.024889878123766036
buzzards hanging around,3974.579,5.401,3977.2795,0.0,0.0,-0.5,-0.017830113142635884,0.17642729848050195,-0.023250075875905832
quick you stay out of it clay you know I,3976.02,6.299,3979.1695,0.0,0.3333333333333333,0.3,-0.016457854573673714,0.1775475466213025,-0.022149539958116752
know I know you're tagging me trying to,3979.98,4.319,3982.1395,0.0,0.0,-0.7,-0.014280193195002608,0.17918267387866837,-0.02043764488829405
get Thompson the safe way more your,3982.319,3.841,3984.2395,0.4404,0.5,-0.7,-0.012724688988427761,0.1802484932649786,-0.01924039582929942
blood money using her as an excuse to,3984.299,2.941,3985.7695,0.0772,-0.05,0.3,-0.011583148200058901,0.18097892015291792,-0.018375119004728255
maybe you're a necessary breed,3987.24,5.52,3990.0,0.0,0.0,0.3,-0.008390404108338773,0.1828016386378645,-0.016014007156177585
but not around me,3989.94,5.84,3992.86,0.0,0.0,-0.7,-0.006201572423749607,0.18387487120300905,-0.014444541273084009
you want Thompson,3992.76,3.02,3994.27,0.0772,0.0,0.4,-0.005113392486128784,0.1843582013672402,-0.013678904165782258
but you got to go through me to get to,3998.819,3.361,4000.4995,0.0,0.0,0.5,-0.00023358172112109,0.18614564925202925,-0.010362194045755887
what's the matter isn't that gold,4002.18,3.32,4003.84,0.0258,0.0,0.3,0.0024319315502912553,0.1868802006130053,-0.008629170314747048
shining bright enough rib,4003.44,5.26,4006.07,0.4404,0.35,0.7,0.004230414092460041,0.18728762621484357,-0.007490468525729108
amateur badge shines even brighter,4005.5,9.46,4010.23,0.3818,-0.25,0.8,0.00762648837550757,0.18787740308961504,-0.005406114482160891
you've been waiting for this a long time,4014.96,5.04,4017.48,0.0,-0.05,0.7,0.01367389151994592,0.18840686080396649,-0.0019015255838642376
haven't you your deal,4017.119,6.18,4020.209,0.0,0.0,-0.7,0.01599294719547662,0.188452812662821,-0.0006258376330485127
no no get out of there I told him to,4020.0,4.68,4022.34,0.2235,0.0,-0.7,0.01782019403624941,0.18843387410492116,0.00035333345112932915
bring me out and tell him to take it,4023.299,2.051,4024.3245,0.0,0.0,0.4,0.019534774510434505,0.1883745639828001,0.001251604645545351
good luck clay I guess this is the way,4049.0,5.26,4051.63,0.7096,0.6560250541912488,0.7,0.04426645485966096,0.18380930040484386,0.012295147093663724
it had to be,4052.819,4.141,4054.8895,0.0,0.0,-0.5,0.04733974673279372,0.18282920518482162,0.013454340579021456
that's right if you ever make Calexico,4054.26,5.339,4056.9295,0.0,0.2857142857142857,0.6,0.049274047702878056,0.18217202232356225,0.014163107932854751
ask around,4056.96,4.32,4059.12,0.0,0.0,0.3,0.0513598926944146,0.18142950848391046,0.014909930075238614
yeah yeah I'll do that,4059.599,18.571,4068.8845,0.5267,0.0,0.7,0.06075863399148649,0.17767141555546587,0.018062180496776773
may as well start back,4086.839,5.641,4089.6595,0.2732,0.0,0.2,0.08116803254015525,0.16744227926241512,0.02383937694039589
let's not make any hasty decision now,4089.539,4.621,4091.8495,0.0,0.0,0.2,0.08334149450624374,0.16620299986892786,0.024377194347416645
before we've had a little coffee and a,4092.48,4.94,4094.95,0.0,-0.1875,0.4,0.08642297638811276,0.1644001577825278,0.025116042541600974
chance to stretch our legs,4094.16,3.26,4095.79,0.25,0.0,0.3,0.08725857897516183,0.16390217041573804,0.025311690928317195
may have a chance to return me,4099.759,6.1,4102.809,0.25,0.0,0.6,0.09424948633973985,0.15958769139013088,0.02687205424516679
some coffee in my saddlebag puzzling up,4103.1,5.659,4105.9295,0.0,0.0,0.4,0.09736020057384606,0.15758501329933933,0.027523574055490697
while I build a fire,4105.859,2.9,4107.309,-0.34,0.0,-0.7,0.09873543997377655,0.15668378543332565,0.02780342765903856
it's a little one nobody's gonna see it,4109.16,4.519,4111.4195,0.0,-0.1875,0.4,0.1028322190709667,0.15394252424400276,0.028607910326231226
rev that's smoke we ought to be getting,4122.839,5.041,4125.3595,0.0,0.0,-0.7,0.11668245972996882,0.14407080218954144,0.031015790568132192
out of here don't get touchy nothing's,4125.239,3.901,4127.1895,0.0,0.0,-0.7,0.11849198778391705,0.14271449812731551,0.03129601629203936
gonna happen,4127.88,3.0,4129.38,0.0,0.0,0.7,0.12065430290833341,0.14107412898846783,0.03162073759261761
let's get going,4129.14,3.42,4130.85,0.0,0.0,0.7,0.12210294800984367,0.13996328512790804,0.03183215419930133
I'm beginning to get a funny feeling,4130.88,4.439,4133.0995,0.5267,0.25,0.4,0.12431565267091865,0.1382482854220624,0.03214565136617807
we're not going back I'm just giving,4132.56,5.219,4135.1695,0.34,0.0,-0.7,0.12634705770612886,0.13665449699544813,0.03242349531354616
clay a chance to get a few miles up the,4135.319,5.701,4138.1695,0.25,-0.2,-0.7,0.12928234316851733,0.13431914388171876,0.03280824131558444
tree we're not going back,4137.779,4.861,4140.209500000001,0.0,0.0,0.4,0.13127192698192527,0.13271456991836933,0.033057861735616784
you know what will happen if you catch,4141.02,4.199,4143.119500000001,0.0,0.0,0.4,0.13410028429705811,0.1304036462802075,0.033397290141943356
up to him I don't aim to I aim to stay,4142.64,4.5,4144.89,0.0,0.0,0.2,0.1358151541610533,0.12898549650625532,0.0335943120704854
just far enough behind to get first,4145.219,5.221,4147.8295,0.0,-0.0125,0.8,0.13865165454354952,0.12661173962455147,0.033905720915874876
crack if a certain sack of gold shows up,4147.14,6.42,4150.35,0.2732,0.2142857142857142,0.4,0.14107261461022566,0.12455817608677304,0.03415728657254199
then it's Calexico for you and me that's,4150.44,6.08,4153.48,0.0,0.0,0.7,0.14406359440923033,0.12198616417342703,0.03445005432010675
what you want isn't it,4153.56,2.96,4155.04,0.0772,0.0,-0.7,0.1455475885825508,0.1206957380721433,0.034587929687019084
I suppose so and you better drink up,4157.1,4.8,4159.5,0.4877,0.5,0.4,0.14976403984642894,0.11697754262950688,0.03495297704259926
this has got to last distance we got to,4159.799,4.4,4161.999,0.0,0.0,0.3,0.15210861028266814,0.11487691308925134,0.03513887206550158
California,4161.9,2.299,4163.0495,0.0,0.0,0.7,0.15309014671079726,0.11399046332764283,0.03521306378602169
head for the horses,4167.259,12.98,4173.749,0.0,0.0,0.4,0.16293916790001672,0.10486428552854828,0.03583816907252573
Thompson's got some nice Playmates,4243.739,3.601,4245.5395,0.4215,0.6,0.6,0.21883110868855,0.043864154715099905,0.03463382736307842
all right let's get them don't,4247.34,5.899,4250.2895,0.0,0.2857142857142857,0.4,0.22169721497460976,0.04015205459804298,0.03427084642483419
you know better than that,4250.04,3.199,4251.6395,0.4404,0.5,-0.7,0.22248877698156536,0.039110635599172924,0.03416224014094662
it'd be slower dying this way but it's,4253.34,4.5,4255.59,0.0,0.0,-0.7,0.22474523037896504,0.03609976812690055,0.033830904437600874
less painful,4255.38,3.9,4257.33,-0.3832,-0.4333333333333333,0.6,0.22571031305628877,0.034791632529845976,0.03367867947325696
grab Carlton pin to a tree,4259.28,6.8,4262.679999999999,0.0,0.0,0.2,0.2285647133958195,0.030842545815060705,0.03318717852756891
oldest Apache trick in the book,4262.159,3.921,4264.1195,-0.0516,0.0,0.4,0.22930308847586672,0.02979962014761081,0.03304901622896385
it's funny,4266.179,2.48,4267.419,0.4404,0.25,0.7,0.2309470747002025,0.02744207083970583,0.032723106271031095
it hadn't been for this I might have,4268.76,3.78,4270.650000000001,0.0,0.0,0.6,0.23249045121875042,0.02517957989585835,0.03239176783598968
gotten it clean,4270.44,4.44,4272.66,0.4019,0.3666666666666667,0.7,0.23341680778218996,0.02379598890551439,0.03217969099111506
Thompson saw this he thought I was a,4272.54,3.24,4274.16,0.0,0.0,0.2,0.2340910071648913,0.022775750278276146,0.032018503938093475
your sidekick,4275.78,4.379,4277.9695,0.0,0.0,0.7,0.23573654899355898,0.02023335138018347,0.031598146609762
and you're tired,4277.76,4.32,4279.92,-0.4404,-0.4,-0.7,0.2365415908997467,0.01895936312630498,0.03137693575841034
you might run into the same luck,4282.08,7.8,4285.98,0.4588,0.0,0.2,0.23888239976330358,0.015121553949435354,0.03066467225658135
how about a smoke thanks,4285.86,4.02,4287.87,0.4404,0.2,0.4,0.23956361012002897,0.013961620856946107,0.030435023116180654
what do they do with a girl,4290.48,5.34,4293.15,0.0,0.0,0.2,0.24134628724998344,0.01081360452536117,0.02977530808136975
she's with him I got other plans for her,4292.58,6.56,4295.86,0.0,-0.125,-0.7,0.2421935477792316,0.009250381977288788,0.02942664486137899
she's pretty on me,4295.82,3.32,4297.48,0.4939,0.25,0.7,0.24267845295362606,0.008332814787159198,0.02921506235437449
is there anything I can do for it,4300.44,6.0,4303.44,0.0,0.0,0.4,0.2443259574769584,0.005065198461878974,0.02841702399695389
not that it matters I'd like you to know,4303.56,4.2,4305.660000000001,0.3455,0.0,-0.7,0.2448857213758844,0.0038912408008153136,0.028112150115806905
that friend of yours I collected but now,4307.76,4.439,4309.9795,0.2732,0.0,-0.7,0.2458929057730097,0.0016736340032292,0.027507636753038835
Nelly was giving himself up coming in,4312.199,5.341,4314.8695,0.34,0.0,0.4,0.24690519931194413,-0.0007315384512235693,0.02680602554616971
without a gun,4315.14,4.38,4317.33,0.2584,0.0,-0.5,0.24736431245820614,-0.001899791003093929,0.026446386143065076
but I guess it wouldn't have made any,4317.54,4.28,4319.68,0.0,0.0,-0.5,0.24777198923506744,-0.0029895296238131087,0.026098932895597993
difference,4319.52,2.3,4320.67,0.0,0.0,0.2,0.2479348223235178,-0.0034410229786070792,0.025951428300301095
it would pick up the trail about 40,4322.64,4.82,4325.05,0.0,0.0,0.4,0.24859281612530396,-0.005384857561301705,0.025291065061595043
yards aren't they,4324.679,2.781,4326.0695000000005,0.0,0.0,0.2,0.248731551845826,-0.005824802713007191,0.025135592775731463
oh leave me again will you patches might,4330.38,6.02,4333.39,-0.0516,0.0,-0.5,0.2495719565511408,-0.0088463662067431,0.024000836413249824
won't be long,4342.02,4.289,4344.164500000001,0.0,-0.05,-0.7,0.2503313363600977,-0.012860670363835137,0.02227760094114967
you come a long way for nothing play,4456.92,5.279,4459.5595,-0.2584,-0.05,0.3,0.23319508569942538,-0.026670812061783466,0.002808280230335359
I never figured you'd let a gal get you,4460.34,3.3,4461.99,0.0,0.0,-0.7,0.2325340513737529,-0.026447270023692616,0.0024341702242536437
in this kind of a mess,4462.199,4.261,4464.3295,-0.3612,0.2125,0.7,0.2318932429620295,-0.02621422199835107,0.0020775038141769737
or is it that badge you're wearing I,4463.64,5.64,4466.46,0.0,0.0,-0.5,0.2313061722363623,-0.0259868448904424,0.0017557328133133536
figure I got a pat hand Thompson,4466.46,5.759,4469.3395,0.4939,0.0,0.4,0.230507961711367,-0.025656755014465328,0.0013255944453069018
against 50-1,4469.28,4.68,4471.62,0.0,0.0,-0.7,0.22987238189694414,-0.025376891923415884,0.0009889429535656635
my back's all right so long as I'm,4472.219,2.531,4473.4845000000005,0.0,0.0785714285714285,0.5,0.22935078967173866,-0.025136058060697714,0.0007164171702518981
facing you,4473.96,4.98,4476.45,0.0,0.0,0.5,0.22851811974219785,-0.024730893382822996,0.0002881495601746824
go ahead why don't you try,4478.94,4.44,4481.16,0.0,0.0,0.6,0.2271897049393826,-0.024032120773437894,-0.0003784389142416737
delgadito I come as a friend,4483.38,5.58,4486.17,0.4939,0.0,0.7,0.22577201435905048,-0.02321539834940028,-0.0010682092323521398
I want no fight with you or with your,4486.98,3.42,4488.69,0.3578,0.0,-0.7,0.22505834930893082,-0.022776349951018262,-0.0014072958641641545
I want the white girl in this man the,4490.4,5.339,4493.0695,0.0772,0.0,0.5,0.22381908147807678,-0.021968939668068226,-0.0019835252557868395
Apaches are a brave Nation they respect,4493.28,4.8,4495.679999999999,0.7579,0.6560250541912488,0.8,0.22308192476131128,-0.02146113893857599,-0.0023188446693400023
bravery in all men,4495.739,5.881,4498.679499999999,0.4939,0.0,0.8,0.222237237805886,-0.02085347994911358,-0.0026963556814762566
he wants girl too he brings us guns he,4498.08,4.68,4500.42,0.0,0.2,-0.7,0.22174855671550756,-0.020489116521264117,-0.002911507290163179
is our friend,4501.62,4.2,4503.72,0.4939,0.0,0.3,0.22082567240982193,-0.019774784419782865,-0.0033113615587605522
your friend since when did Delgado a,4502.76,6.3,4505.91,0.4939,0.0,0.7,0.22021632204851255,-0.019283884636029577,-0.0035707509365419388
great Chief call a coward a friend,4505.82,5.58,4508.61,0.6486,0.6560250541912488,0.8,0.2194690607479605,-0.01866034478561673,-0.003883827765649833
Howard I'll fight him anytime with any,4509.06,5.06,4511.59,-0.3818,0.0,0.8,0.21865013652389237,-0.017948869466126657,-0.004220556709164946
kind of weapons,4511.4,2.72,4512.759999999999,-0.4404,0.6,0.6,0.21833046306887824,-0.017662909848646692,-0.0043501831881049766
it's a duel with these,4520.96,4.44,4523.18,0.0,0.0,-0.5,0.21553889177033284,-0.014954301345814852,-0.005437813453101905
still heading for Calexico,4767.06,4.86,4769.490000000001,0.0,0.0,0.4,0.26578340841095865,0.10742975413468574,0.028592665666183462
not unless you are,4769.64,5.039,4772.159500000001,0.0,0.0,-0.5,0.2684715793780003,0.10909051269647219,0.029851077406299116
I was thinking of a ranch,4771.92,4.91,4774.375,0.0,0.0,0.3,0.270752017549251,0.11046987212692946,0.03091408359993255
might be the kind of Life you'd like,4774.679,40.85,4795.104,0.3612,0.6,0.7,0.2943265546201182,0.12340185056011661,0.04169634503991946
