claude3_sentiment,open2step_vader_norm,open2step_textblob_norm,open2step_llama3_norm,open2step_mean,claude3_norm,open2step_norm,claude3_smooth,open2step_smooth,claude3_final,open2step_final,normalized_time
0.5,0.6435511546459999,0.5234647299478292,0.48919846340686346,0.5520714493335642,0.5,0.5520714493335641,0.7918785846796671,0.5857587840044073,1.1115240406010403,0.8036329073800837,0.0
0.42857142857142855,0.6308683319865239,0.5158320237913799,0.5056599085244764,0.5507867547674601,0.42857142857142855,0.55078675476746,0.7922035259137591,0.5825392341083206,1.113687258246276,0.7868415175535404,0.0024271844660194173
0.5714285714285714,0.6189403405955685,0.5099120558138361,0.5205445702291027,0.5497989888795024,0.5714285714285714,0.5497989888795023,0.7922426715258362,0.5792779698170272,1.1139478606872537,0.7698325685358357,0.0048543689320388345
0.5714285714285714,0.6077453709350835,0.5055724424807316,0.5338969481876585,0.5490715872011579,0.5714285714285714,0.5490715872011578,0.7919945154702017,0.5759735447494785,1.1122958217891417,0.7525985168041776,0.007281553398058252
0.5,0.5972616134670201,0.5026808002576,0.5457615420670598,0.5485679852638933,0.5,0.5485679852638932,0.7914615246547794,0.5726248762652424,1.108747564394564,0.7351337159054513,0.009708737864077669
0.2857142857142857,0.5874672586533285,0.5011047456099745,0.556182851534223,0.5482516185991754,0.2857142857142857,0.5482516185991753,0.7906501210131597,0.5692312296360402,1.103345840972589,0.717434333903721,0.012135922330097085
0.2857142857142857,0.5783404969559591,0.5007118950033891,0.5652053762560642,0.5480859227384708,0.2857142857142857,0.5480859227384707,0.7895720010393578,0.5657922002648877,1.0961685181021126,0.6994982606451131,0.014563106796116504
1.0,0.5698595188368627,0.5013698649033772,0.5728736158994994,0.5480343332132463,0.9999999999999999,0.5480343332132462,0.7882464519580806,0.5623076942528372,1.0873439958150066,0.6813250064047013,0.01699029126213592
1.0,0.5620025147579898,0.5029462717754726,0.5792320701314448,0.5480602855549691,0.9999999999999999,0.548060285554969,0.7866995831330538,0.5587779076731333,1.0770460908830162,0.6629155937919778,0.019417475728155338
1.0,0.5547476751812906,0.5053087320852084,0.5843252386188167,0.5481272152951052,0.9999999999999999,0.5481272152951051,0.7849583738087526,0.5552033049805354,1.0654544110985085,0.6442724451458333,0.021844660194174755
1.0,0.548073190568716,0.5083248622981188,0.5881976210285311,0.548198557965122,0.9999999999999999,0.5481985579651218,0.7830491399166081,0.5515845970616201,1.0527441484077489,0.6253992680570846,0.02427184466019417
1.0,0.5419572513822163,0.5118622788797369,0.5908937170275044,0.5482377490964859,0.9999999999999999,0.5482377490964858,0.7809974873960188,0.5479227195233802,1.0390857681568317,0.6063009421338282,0.02669902912621359
1.0,0.5363780480837421,0.5157885982955966,0.5924580262826524,0.5482082242206637,0.9999999999999999,0.5482082242206636,0.778828224369201,0.544218811927829,1.0246444244169937,0.5869834107006323,0.029126213592233007
1.0,0.5313137711352439,0.5199714370112314,0.5929350484608914,0.5480734188691222,0.9999999999999999,0.5480734188691221,0.7765652281831661,0.5404741988172019,1.0095790748487528,0.5674535818364951,0.03155339805825243
1.0,0.5267426109986721,0.5242784114921748,0.5923692832291377,0.5477967685733282,0.9999999999999999,0.547796768573328,0.7742312606923925,0.5366903735471911,0.9940412509909827,0.5477192440579424,0.03398058252427184
0.9285714285714286,0.5226427581359776,0.5285771382039604,0.5908052302543072,0.5473417088647484,0.9285714285714286,0.5473417088647483,0.7718477213148571,0.5328689861618077,0.9781734142911979,0.5277890030810276,0.03640776699029126
1.0,0.5189924030091105,0.5327352336121219,0.5882873892033165,0.5466716752748496,0.9999999999999999,0.5466716752748495,0.7694344684433968,0.5290118367972794,0.9621077671948969,0.507672247419709,0.038834951456310676
1.0,0.5157697360800215,0.5366203141821928,0.5848602597430812,0.5457501033350985,0.9999999999999999,0.5457501033350984,0.7670098859833787,0.5251208763441694,0.9459666961040084,0.4873791518390977,0.04126213592233009
1.0,0.5129529478106611,0.5400999963797067,0.5805683415405178,0.5445404285769618,0.9999999999999999,0.5445404285769617,0.7645899835763672,0.5211982161579383,0.9298567813336551,0.46692072800037143,0.04368932038834951
0.5714285714285714,0.51052022866298,0.5430418966701973,0.5754561342625425,0.5430060865319066,0.5714285714285714,0.5430060865319065,0.7621875202875942,0.5172461480189675,0.9138629632735156,0.44630892856120735,0.046116504854368925
1.0,0.5084497690989284,0.545313631519198,0.569568137576071,0.5411105127313991,0.9999999999999999,0.541110512731399,0.7598119570991118,0.513267173107543,0.8980482261224819,0.42555679829325427,0.04854368932038834
0.9285714285714286,0.5067197595804569,0.5467828173922424,0.5629488511480201,0.5388171427069065,0.9285714285714286,0.5388171427069064,0.7574714972549335,0.5092640315657984,0.8824671809927693,0.40467862826086326,0.050970873786407765
1.0,0.5053083905695162,0.5473170707548645,0.5556427746453055,0.5360894119898955,0.9999999999999999,0.5360894119898953,0.7551689239858425,0.5052397053763046,0.8671383565699035,0.3836899708342168,0.05339805825242718
1.0,0.5041938525280566,0.5467840080725972,0.5476944077348436,0.5328907561118325,0.9999999999999999,0.5328907561118323,0.7528976376903794,0.5011973208746449,0.8520178176039671,0.3626071312488915,0.0558252427184466
1.0,0.5033543359180288,0.5450512458109744,0.5391482500835502,0.5291846106041844,0.9999999999999999,0.5291846106041843,0.7506342165785722,0.49713976765152845,0.836949639195209,0.34144518001026986,0.058252427184466014
1.0,0.5027680312013832,0.5419864004355299,0.530048801358342,0.5249344109984183,0.9999999999999999,0.5249344109984182,0.7483244389346708,0.49306860351694126,0.8215728533901682,0.3202122417927919,0.06067961165048543
0.9285714285714286,0.5024131288400705,0.5374570884117972,0.5204405612261346,0.5201035928260008,0.9285714285714286,0.5201035928260007,0.7458561395901135,0.4889812994941351,0.8051407477179218,0.2988951268538501,0.06310679611650485
0.9285714285714286,0.502267819296041,0.5313699258747,0.5103680293538446,0.5146685915081952,0.9285714285714286,0.5146685915081951,0.7430084087982005,0.4848649830574953,0.7861826689897446,0.27742669922642305,0.06553398058252427
0.5714285714285714,0.5023102930312453,0.5237875276367233,0.49987570540838794,0.5086578420254523,0.5714285714285714,0.5086578420254522,0.7393691043886738,0.48068411192081606,0.7619548804264648,0.25562159002284907,0.06796116504854369
1.0,0.5025187405076339,0.5148115081797424,0.48900808905668075,0.502112779248019,0.9999999999999999,0.5021127792480189,0.7342507496383615,0.4763630213244273,0.7278806720810983,0.23308517374678295,0.0703883495145631
0.5714285714285714,0.5028713521871574,0.5045434819856326,0.4778096799656393,0.4950748380461431,0.5714285714285714,0.495074838046143,0.7268008435473218,0.47178733679655444,0.6782847248122984,0.20922093647430406,0.07281553398058252
0.5714285714285714,0.5033463185317663,0.49308506353626913,0.46632497780217963,0.4875854532900717,0.5714285714285714,0.4875854532900716,0.7181042248824877,0.4657664356841902,0.6203890902301745,0.17781924960880074,0.07524271844660194
0.5,0.5039218300034112,0.4805378673135271,0.4545984822332181,0.4796860598500521,0.5,0.47968605985005197,0.7088846456556998,0.45953885961005553,0.5590119722390824,0.14533966056365086,0.07766990291262135
0.5,0.5045760770640423,0.4670035077992817,0.44267469292567063,0.47141809259633155,0.5,0.47141809259633144,0.6991198824160402,0.4531180893372064,0.494005423591583,0.11185247753563245,0.08009708737864077
0.2857142857142857,0.5052872501756105,0.4525835994754086,0.43059810954645344,0.46282298639915753,0.2857142857142857,0.4628229863991574,0.6889095978183452,0.44651933441011216,0.4260329242985009,0.07743702508827562,0.08252427184466019
0.2857142857142857,0.506033539800066,0.43737975682378244,0.41841323176248274,0.453942176128777,0.2857142857142857,0.4539421761287769,0.6784427224873723,0.4397594137694243,0.35635223428169704,0.042181021504589654,0.0849514563106796
0.21428571428571427,0.5067931363993596,0.421493594326279,0.40616455924067474,0.4448170966554377,0.21428571428571427,0.4448170966554376,0.667878808043644,0.43285662632679,0.28602552985069596,0.006179903776945322,0.08737864077669902
0.9285714285714287,0.5075442304354417,0.4050267264647732,0.3938965916479454,0.43548918284938676,0.9285714285714287,0.43548918284938665,0.6573572933245304,0.42583061236259245,0.21598109132754748,-0.030463895265578717,0.08980582524271843
0.5714285714285714,0.5082650123702628,0.38808076772114036,0.3816538286512111,0.4259998695808715,0.5714285714285714,0.4259998695808714,0.6470187381559691,0.418702206566973,0.14715466174446154,-0.0676417134138631,0.09223300970873785
1.0,0.5089336726657735,0.37075733257725585,0.3694807699173878,0.4163905917201391,0.9999999999999999,0.416390591720139,0.6370323998943016,0.4114932835207387,0.08067303099883943,-0.10523946496478806,0.09466019417475727
0.0,0.5095284017839242,0.35315803551499464,0.35742191511339183,0.4067027841374369,0.0,0.40670278413743677,0.6275904475928011,0.4042265964255619,0.017815518066835505,-0.14313848181522973,0.09708737864077668
0.9285714285714286,0.5100273901866654,0.33538449101623236,0.3455217639061392,0.39697788170301235,0.9285714285714286,0.39697788170301224,0.6188713442324669,0.39692560995473986,-0.04022980293532541,-0.18121638521995856,0.09951456310679611
0.9285714285714286,0.5104088283359478,0.3175383135628439,0.3338248159625462,0.38725731928711266,0.9285714285714286,0.38725731928711254,0.6110251547681995,0.38961432821398817,-0.09246391087916303,-0.2193479830528955,0.10194174757281553
0.5,0.5106509066937219,0.29972111763670467,0.32237557094952884,0.3775825317599852,0.5,0.3775825317599851,0.6041931682103499,0.3823171189782009,-0.13794620836366395,-0.25740618649086405,0.10436893203883495
0.0,0.5107318157219382,0.28203451771968974,0.31121852853400334,0.36799495399187715,0.0,0.36799495399187704,0.5984792886560346,0.37505853560126257,-0.17598497900225393,-0.2952629388334155,0.10679611650485436
0.5714285714285714,0.510629745882547,0.2645801282936746,0.3003981883828859,0.3585360208530359,0.5714285714285714,0.35853602085303576,0.5938859809653949,0.3678631382725524,-0.20656381358492554,-0.3327901477299442,0.10922330097087378
0.5714285714285714,0.510322887637499,0.24745956384053436,0.2899590501630927,0.3492471672137087,0.5714285714285714,0.3492471672137086,0.5903749044348668,0.36075531660043786,-0.22993795606898057,-0.3698606104859643,0.1116504854368932
0.0,0.5097894314487447,0.23077443884214435,0.2799456135415398,0.34016982794414297,0.0,0.34016982794414286,0.5878409436638352,0.35375911581816233,-0.2468071868009553,-0.40634892047698123,0.11407766990291261
0.5714285714285714,0.5090075677782346,0.21462636778037963,0.27040237818514334,0.33134543791458587,0.5714285714285714,0.33134543791458576,0.5861834674619113,0.3468980692026889,-0.25784143358277445,-0.44213234115902544,0.11650485436893203
1.0,0.5079554870879194,0.1991169651371156,0.26137384376081957,0.3228154319952849,0.9999999999999999,0.3228154319952848,0.5853337289771338,0.34019503953654323,-0.2634983619478158,-0.4770916329159088,0.11893203883495145
1.0,0.5066113798397494,0.18434784539422752,0.2529045099354846,0.31462124505648714,0.9999999999999999,0.31462124505648703,0.5852483910931215,0.3336720725559037,-0.2640664782628109,-0.5111118173928513,0.12135922330097086
1.0,0.5049534364956751,0.17042062303359054,0.24503887637605465,0.3068043119684401,0.9999999999999999,0.30680431196844,0.5858729527842286,0.3273502651211481,-0.25990860991927395,-0.5440828650459248,0.12378640776699028
0.5714285714285714,0.5029598475176472,0.15743691253707998,0.2378214427494458,0.299406067601391,0.5714285714285714,0.2994060676013909,0.5871047818250708,0.32124965026992447,-0.25170800612545363,-0.5759002946415988,0.1262135922330097
0.0,0.5006168732746524,0.1454790996506972,0.23128481619906102,0.2924602630414702,0.0,0.2924602630414701,0.5887697443072156,0.3153891008619717,-0.24062392124439663,-0.6064656757920092,0.12864077669902912
0.5714285714285714,0.49794305376382303,0.13455265517694878,0.22541403377425118,0.285969914238341,0.5714285714285714,0.2859699142383409,0.5906837527323446,0.30978625294187684,-0.22788187325550854,-0.63568702865239,0.13106796116504854
1.0,0.4949649988893276,0.12464382118246756,0.22018224000085362,0.2799303533575496,0.9999999999999999,0.2799303533575495,0.5926795650229129,0.30445744921787715,-0.21459523582520632,-0.6634791187043488,0.13349514563106796
1.0,0.4917093185553344,0.1157388397338861,0.21556257940470588,0.27433691256464215,0.9999999999999999,0.27433691256464204,0.5946081898007879,0.2994177022009236,-0.20175588300439215,-0.6897636490021045,0.13592233009708737
0.5,0.4882026226660122,0.10782395289783725,0.21152819651164567,0.26918492402516503,0.5,0.2691849240251649,0.5963349418612369,0.2946806744749293,-0.1902604489559919,-0.7144693630719492,0.1383495145631068
0.5,0.48447152112552944,0.10088540274095367,0.20805223584751034,0.26446971990466445,0.5,0.26446971990466434,0.5977446105127134,0.29025867071217637,-0.18087592098332417,-0.7375320865554642,0.1407766990291262
0.2142857142857143,0.48054262383805446,0.09490943132986812,0.20510784193813753,0.2601866323686867,0.2142857142857143,0.2601866323686866,0.5987563803111948,0.2861626353840167,-0.17414030835137428,-0.7588947391492389,0.14320388349514562
0.0,0.47644254070775605,0.08988228073121343,0.2026681593093647,0.25633099358277806,0.0,0.25633099358277794,0.5993083484921352,0.28240215450498596,-0.17046571373750385,-0.7785073255085366,0.14563106796116504
0.0,0.4721978816388026,0.08579019301162222,0.20070633248702943,0.25289813571248476,0.0,0.25289813571248465,0.5994052049722178,0.2789854621430109,-0.16982091515613695,-0.7963269012936582,0.14805825242718446
1.0,0.4678352565353626,0.08261941023772718,0.19919550599696934,0.24988339092335307,0.9999999999999999,0.24988339092335296,0.599115309193037,0.27591945267988693,-0.17175082616467865,-0.8123175092260783,0.15048543689320387
1.0,0.4633812753016046,0.08035617447616117,0.19810882436502178,0.2472820913809292,0.9999999999999999,0.24728209138092908,0.5985930128638497,0.2732097000236869,-0.17522788760471716,-0.8264500788871579,0.1529126213592233
0.0,0.45886254784169717,0.07898672779355692,0.19741943211702434,0.24508956925075945,0.0,0.24508956925075934,0.59803822218768,0.2708604872644235,-0.1789212722976636,-0.8387022720506271,0.1553398058252427
0.5714285714285714,0.4543056840598088,0.07849731225654716,0.19710047377881465,0.24330115669839023,0.5714285714285714,0.24330115669839011,0.5976708128312158,0.26887485447656007,-0.18136721119227298,-0.8490582333711545,0.15776699029126212
1.0,0.44973729386010797,0.07887416993176444,0.19712509387623015,0.2419121858893675,0.9999999999999999,0.2419121858893674,0.5977074525170629,0.26725467147423676,-0.1811232913488532,-0.8575082109333653,0.16019417475728154
1.0,0.4451839871467631,0.08010354288584176,0.1974664369351084,0.24091798898923775,0.9999999999999999,0.24091798898923764,0.5983141399938127,0.2660007391212723,-0.1770844162626677,-0.8640480278749612,0.16262135922330095
1.0,0.440672373823943,0.0821716731854118,0.19809764748128705,0.24031389816354723,0.9999999999999999,0.24031389816354712,0.599571488950033,0.26511291996440933,-0.1687139198068552,-0.8686784010760349,0.16504854368932037
0.9285714285714286,0.4362290637958158,0.0850648028971071,0.19899187004060342,0.2400952455778421,0.9285714285714286,0.24009524557784198,0.6015382348502467,0.26459029678258844,-0.15562078483761752,-0.8714041142538334,0.1674757281553398
0.5714285714285714,0.4318806669665504,0.08876917408756066,0.20012224913889515,0.2402573633976687,0.5714285714285714,0.2402573633976686,0.6042469982948372,0.2644313560181823,-0.13758784760057727,-0.8722330612869935,0.1699029126213592
1.0,0.42765379324031505,0.0932710288234051,0.20146192930199983,0.24079558378857333,0.9999999999999999,0.24079558378857321,0.607737315422989,0.2646341918844807,-0.11435190581502785,-0.8711751817039001,0.17233009708737862
1.0,0.42357505252127836,0.09855660917127318,0.20298405505575504,0.24170523891610218,0.9999999999999999,0.24170523891610207,0.6119837779744849,0.2651967261484843,-0.08608210882574384,-0.8682413144173103,0.17475728155339804
0.0,0.41967105471360894,0.10461215719779757,0.20466177092599805,0.2429816609458015,0.0,0.2429816609458014,0.6169564996824277,0.26611693810459486,-0.05297741722349962,-0.8634419983089064,0.17718446601941745
0.5714285714285714,0.4159684097214751,0.11142391496961102,0.20646822143856658,0.24462018204321756,0.5714285714285714,0.24462018204321745,0.6226686848754773,0.26739309903216474,-0.014949926385078593,-0.8567862494285193,0.17961165048543687
0.0,0.41249372744904544,0.11897812455334633,0.20837655111929823,0.24661613437389665,0.0,0.24661613437389654,0.629148476133705,0.2690240046236239,0.028187716107142206,-0.8482803487776964,0.18203883495145629
0.5714285714285714,0.40927361780048865,0.12726102801563616,0.21035990449403036,0.24896485010338507,0.5714285714285714,0.24896485010338495,0.6363746922281073,0.27100919323867156,0.07629450134594992,-0.83792670401667,0.1844660194174757
0.5,0.4063346906799729,0.1362588674231133,0.21239142608860076,0.25166166139722895,0.5,0.25166166139722884,0.6443157764106967,0.27334912773071135,0.1291603479168888,-0.8257229011583349,0.18689320388349512
0.5714285714285714,0.40370355599166713,0.14595788484241048,0.21444426042884668,0.2547019004209748,0.5714285714285714,0.2547019004209747,0.6529181027262834,0.2760453207908984,0.18642825399828022,-0.8116610508430935,0.18932038834951453
1.0,0.40140682363973956,0.15632766198051143,0.21650508379669176,0.25807985647231424,0.9999999999999999,0.25807985647231413,0.6620393873535682,0.2791003915878435,0.24715099947592148,-0.7957274929375157,0.19174757281553395
0.5714285714285714,0.39947110352835874,0.16727113910580335,0.21861469949840373,0.2617856473775219,0.5714285714285714,0.2617856473775218,0.6714902674935989,0.28251804859717083,0.31006794733281695,-0.7779028860858599,0.19417475728155337
0.21428571428571425,0.3979230055616933,0.1786745961270249,0.2208274425963361,0.26580834809501813,0.21428571428571425,0.265808348095018,0.6810950299387086,0.2863029993138066,0.3740093294033842,-0.75816267860079,0.1966019417475728
0.5714285714285714,0.39678913964391155,0.19042431295291434,0.22319764815284268,0.2701370335832229,0.5714285714285714,0.2701370335832228,0.6907347944795119,0.29046079236240957,0.4381837294571447,-0.7364779319279571,0.19902912621359223
0.5,0.39609611567918235,0.2024065694922099,0.2257796512302769,0.2747607788005564,0.5,0.27476077880055627,0.7003710072977742,0.2949976015351675,0.5023344847774411,-0.7128164469852909,0.20145631067961164
0.5714285714285714,0.39587054357167384,0.21450764565365005,0.22862778689099264,0.27966865870543883,0.5714285714285714,0.2796686587054387,0.7099894600287173,0.2999199645499518,0.5663670066135283,-0.6871441266558354,0.20388349514563106
0.5714285714285714,0.3961390332255548,0.22661382134597322,0.23179639019734333,0.28484974825629045,0.5714285714285714,0.28484974825629034,0.7195240246779319,0.3052344904744725,0.6298410638425391,-0.6594265017013762,0.20631067961165048
0.5714285714285714,0.39692819454499356,0.23861137647791753,0.23533979621168277,0.29029312241153127,0.5714285714285714,0.29029312241153116,0.7288987412942776,0.31094754731029783,0.6922509714685476,-0.6296303601512345,0.2087378640776699
0.5714285714285714,0.39826463743415885,0.2503865909582216,0.2393123399963645,0.2959878561295816,0.5714285714285714,0.2959878561295815,0.7381040703999353,0.31706493947799574,0.7535332227260848,-0.5977254293612151,0.2111650485436893
0.5714285714285714,0.40017497179721906,0.2618257446956236,0.24376835661374224,0.3019230243688616,0.5714285714285714,0.3019230243688615,0.7472242655802378,0.3235915840993858,0.8142487154740372,-0.563686064346161,0.21359223300970873
0.5714285714285714,0.4026858075383427,0.272815117598862,0.24876218112616966,0.30808770208779146,0.5714285714285714,0.30808770208779135,0.756399989938772,0.3305311940902507,0.8753338802905773,-0.527492900592922,0.21601941747572814
0.5714285714285714,0.4058237545616982,0.2832409895766751,0.2543481485960003,0.3144709642447912,0.5714285714285714,0.3144709642447911,0.7658109121155049,0.33788597504221135,0.9379848176747945,-0.4891344349566799,0.21844660194174756
1.0,0.40961542277145424,0.2929896405378014,0.26058059408558787,0.32106188579828115,0.9999999999999999,0.32106188579828104,0.7756297039281868,0.34565634175684845,1.003351048474777,-0.44860850406203506,0.22087378640776698
1.0,0.41408742207177934,0.3019862773783598,0.267513852657286,0.3278625173691417,0.9999999999999999,0.32786251736914157,0.7859570603323376,0.3538406591568398,1.0721029249933824,-0.4059236355670763,0.2233009708737864
1.0,0.41926636236684195,0.3103118149439928,0.27520225937344833,0.3349268122280944,0.9999999999999999,0.3349268122280943,0.7967886465346052,0.3624350111014093,1.1442115893926887,-0.3611002538940087,0.2257281553398058
1.0,0.42517885356081053,0.31808609506772323,0.28370014929642856,0.34232169930832074,0.9999999999999999,0.3423216993083206,0.8081075431005803,0.3714329989150826,1.2195644046318346,-0.3141717309916234,0.22815533980582522
1.0,0.43185150555785373,0.3254289595825741,0.2930618574885802,0.3501141075430027,0.9999999999999999,0.3501141075430026,0.8198738777917475,0.3808255689782183,1.2978959309301397,-0.2651852855276367,0.23058252427184464
0.9285714285714286,0.43931092826213997,0.3324602503215686,0.3033417190122571,0.35837096586532186,0.9285714285714286,0.35837096586532174,0.8319586094862341,0.3906008672067571,1.3783471082407133,-0.214202741841755,0.23300970873786406
1.0,0.4475837315778378,0.3392998091177297,0.31459406892981273,0.36715920320846007,0.9999999999999999,0.36715920320845996,0.8441446553288954,0.4007441174319558,1.459472759979427,-0.1613011642496487,0.23543689320388347
0.9285714285714286,0.45669652540911565,0.3460674778040804,0.32687324230360076,0.37654574850559897,0.9285714285714286,0.37654574850559885,0.8561264591140398,0.41123752008914716,1.5392387196373427,-0.1065733854262937,0.2378640776699029
1.0,0.4666759196601422,0.3528830982136438,0.34023357419597505,0.3865975306899203,0.9999999999999999,0.3865975306899202,0.8676116860392613,0.42206016715930256,1.6156988389989266,-0.050128450023688056,0.2402912621359223
1.0,0.47754852423508587,0.3598665121794428,0.35472939966928885,0.3973814786946059,0.9999999999999999,0.39738147869460577,0.8782708402510996,0.433187968979752,1.6866595791425063,0.007908003614381681,0.24271844660194172
0.9285714285714286,0.48934094903811526,0.36713756153450067,0.3704150537858961,0.4089645214528373,0.9285714285714286,0.4089645214528372,0.8877612330115864,0.4445935890123441,1.749839572709864,0.06739340323917808,0.24514563106796114
1.0,0.5020798039733987,0.3748160881118401,0.3873448716081504,0.4214135878977964,0.9999999999999999,0.4214135878977963,0.895784580060388,0.4562463873915654,1.8032530644088058,0.12816794827525602,0.24757281553398056
0.9285714285714286,0.5157916989451049,0.3830219337444844,0.4055731881984052,0.43479560696266484,0.9285714285714286,0.4347956069626647,0.9021610828479268,0.46811238277059536,1.8457030888984434,0.19005441083060798,0.24999999999999997
1.0,0.5304766346083867,0.39184375076887556,0.42511923566319415,0.44914654034681883,0.9999999999999999,0.4491465403468187,0.9068251413751818,0.48015424083205854,1.8767529300574546,0.25285807577510994,0.2524271844660194
0.9285714285714286,0.5460281746223357,0.401245433535132,0.445861834285769,0.46437848081441224,0.9285714285714286,0.46437848081441213,0.9097038902193451,0.4923312925196282,1.8959175039635554,0.31636683582647046,0.25485436893203883
0.9285714285714286,0.5623132733970274,0.4111596868967912,0.4676447013935614,0.4803725538957933,0.9285714285714286,0.4803725538957932,0.9107359459549299,0.5045995820014139,1.9027881653135141,0.38035144170070734,0.25728155339805825
0.9285714285714286,0.5791988853425377,0.4215192157073908,0.490311554314003,0.49700988512131045,0.9285714285714286,0.49700988512131034,0.9098657647218542,0.5169119447357243,1.8969951442978763,0.4445659092599478,0.25970873786407767
1.0,0.5965519648689424,0.4322567248204681,0.5137061103745253,0.5141716000213119,0.9999999999999999,0.5141716000213118,0.9070577963244024,0.5292181155710225,1.8783017740901666,0.508748083301946,0.2621359223300971
1.0,0.6142394663863173,0.4433049190895607,0.5376720869025602,0.531738824126146,0.9999999999999999,0.5317388241261459,0.9023208141281944,0.5414648659548676,1.8467664612492514,0.5726203531659626,0.2645631067961165
1.0,0.6321283443047382,0.45459650336820623,0.562053201225539,0.5495926829661612,0.9999999999999999,0.549592682966161,0.8957180514811676,0.5535961690154143,1.8028101664894816,0.6358905137064704,0.2669902912621359
1.0,0.6500855530342808,0.46606418250994197,0.5866931706708937,0.5676143020717056,0.9999999999999999,0.5676143020717055,0.8874171193756241,0.565553391312335,1.74754871943801,0.6982527653598074,0.26941747572815533
1.0,0.6679780469850211,0.4776406613683055,0.6114357125660554,0.5856848069731273,0.9999999999999999,0.5856848069731272,0.8776794713453849,0.5772755100386517,1.6827226837366023,0.7593888469486829,0.27184466019417475
1.0,0.6856727805670348,0.48925864479683445,0.6361245442384562,0.6036853232007752,0.9999999999999999,0.6036853232007751,0.8667859354905795,0.588699354802176,1.6102016045144727,0.8189692966803085,0.27427184466019416
1.0,0.7030367081903977,0.5008508376490663,0.6606033830155276,0.6214969762849972,0.9999999999999999,0.6214969762849971,0.8550128083733178,0.5997598741322475,1.5318248592828962,0.876654842098006,0.2766990291262136
1.0,0.7199367842651854,0.5123499447785383,0.684715946224701,0.6390008917561416,0.9999999999999999,0.6390008917561415,0.8426292136503388,0.6103904305541811,1.4493840736711485,0.932097939026157,0.279126213592233
1.0,0.736239963201474,0.5236886710387882,0.7083059511934082,0.6560781951445568,0.9999999999999999,0.6560781951445567,0.8298295236383795,0.6205231341061536,1.3641732343488062,0.9849445110096438,0.2815533980582524
1.0,0.7518131994093391,0.5347997212833535,0.731217115249081,0.6726100119805912,0.9999999999999999,0.6726100119805911,0.8167726347910128,0.6300892233364473,1.2772501560099478,1.0348359363845396,0.28398058252427183
1.0,0.7665234472988565,0.5456158003657716,0.7532931557191507,0.688477467794593,0.9999999999999999,0.6884774677945928,0.8035442962638533,0.6390194986248215,1.1891856929107518,1.081411308242483,0.28640776699029125
1.0,0.7802376612801022,0.5560696131395799,0.7743777899310491,0.7035616881169103,0.9999999999999999,0.7035616881169102,0.7901750118064834,0.6472448084708015,1.1001829163835692,1.1243099706411714,0.28883495145631066
1.0,0.7928227957631517,0.5660938644583161,0.7943147352122077,0.7177437984778919,0.9999999999999999,0.7177437984778918,0.7766916087605912,0.6546965854496046,1.0104204229647127,1.1631743138537538,0.2912621359223301
0.9285714285714286,0.8041458051580811,0.5756212591755179,0.8129477088900583,0.7309049244078857,0.9285714285714286,0.7309049244078856,0.763080899864508,0.661307424606986,0.9198104216503308,1.1976527909561259,0.2936893203883495
1.0,0.8140736438749661,0.5845845021447224,0.8301204282920326,0.7429261914372404,0.9999999999999999,0.7429261914372403,0.749282704918289,0.6670116929205632,0.8279522773201117,1.2274030964397888,0.2961165048543689
0.5714285714285714,0.8224732663238823,0.5929162982194671,0.8456766107455618,0.7536887250963037,0.5714285714285714,0.7536887250963036,0.735244432073446,0.6717461543004613,0.7344958724675383,1.2520954258691954,0.29854368932038833
1.0,0.8292116269149057,0.6005493522532899,0.8594599735780779,0.7630736509154245,0.9999999999999999,0.7630736509154243,0.7209217342033676,0.6754505930608142,0.639145976827145,1.2714157275639295,0.30097087378640774
1.0,0.834155680058112,0.6074163690997278,0.8713142341170124,0.7709620944249508,0.9999999999999999,0.7709620944249507,0.7063090261287132,0.6780684226495374,0.5418654084188274,1.28506887739619,0.30339805825242716
0.0,0.8371723801635773,0.6134500536123186,0.8810831096897968,0.7772351811552309,0.0,0.7772351811552308,0.6914291802347063,0.6795472686550471,0.4428064346131532,1.2927817194310731,0.3058252427184466
1.0,0.8381286816413769,0.6185831106446,0.8886103176238629,0.7817740366366133,0.9999999999999999,0.7817740366366132,0.6763265695134351,0.679839516360244,0.34226445786873877,1.294305921665006,0.308252427184466
0.0,0.836891538901587,0.6227482450501092,0.8937395752466424,0.7844597863994461,0.0,0.784459786399446,0.6610717639600506,0.6789028191597157,0.24070928085363277,1.2894206276484046,0.3106796116504854
0.0,0.833327906354283,0.6258781616823836,0.8963145998855668,0.7851735559740778,0.0,0.7851735559740777,0.6457309915657476,0.676700575103384,0.13858180039510626,1.2779349418735073,0.3131067961165048
0.5,0.8273439124940458,0.6279009694626718,0.8962209075297094,0.783821929828809,0.5,0.7838219298288089,0.6303276266267708,0.6732023791550684,0.03603762521491069,1.2596902885046626,0.31553398058252424
0.5714285714285714,0.8190023821534761,0.6287263935830657,0.8935112088147112,0.780413328183751,0.5714285714285714,0.7804133281837509,0.6148754338129458,0.6683844547023015,-0.06683160972800113,1.2345626618946264,0.31796116504854366
0.5,0.8084053142496785,0.6282595633033676,0.8882800130378545,0.774981630196967,0.5,0.7749816301969669,0.599436458627472,0.6622304246488908,-0.16961285150821986,1.2024666481764714,0.3203883495145631
0.2142857142857143,0.7956547076997585,0.6264056078833802,0.8806218294964219,0.7675607150265202,0.2142857142857143,0.7675607150265201,0.5841131469149968,0.6547333094376194,-0.271624091702154,1.1633658458438283,0.3228155339805825
0.1428571428571428,0.7808525614208213,0.623069656582906,0.870631167487696,0.7581844618304744,0.1428571428571428,0.7581844618304743,0.5690406120958172,0.6458974233377106,-0.3719658454053686,1.1172827557364677,0.3252427184466019
0.5714285714285714,0.7641008743299722,0.618156838661748,0.8584025363089594,0.7468867497668933,0.5714285714285714,0.7468867497668932,0.5543605903667516,0.6357395173223191,-0.46969453818114193,1.064304741656565,0.3276699029126213
0.2857142857142857,0.7455016453443163,0.6115722833797084,0.8440304452574943,0.7337014579938396,0.2857142857142857,0.7337014579938395,0.5401765195538002,0.6242895949077473,-0.5641215577300402,1.0045882853343802,0.33009708737864074
0.5714285714285714,0.7251568733809588,0.60322111999659,0.8276094036305834,0.7186624656693774,0.5714285714285714,0.7186624656693773,0.5265505762391615,0.6115913612982857,-0.6548329784999319,0.9383613289190899,0.33252427184466016
0.5714285714285714,0.7031685573570049,0.5930084777721955,0.8092339207255095,0.70180365195157,0.5714285714285714,0.7018036519515699,0.5135456526211827,0.5977018871135904,-0.7414101108973196,0.8659215211669528,0.3349514563106796
0.5714285714285714,0.6796386961895601,0.5808394859663273,0.7889985058395549,0.6831588959984808,0.5714285714285714,0.6831588959984807,0.5012552155991215,0.5826905983060054,-0.8232307216550571,0.787630949409278,0.337378640776699
0.9285714285714286,0.6546692887957292,0.5666192738387882,0.766997668270002,0.6627620769681731,0.9285714285714286,0.662762076968173,0.48979785857387514,0.5666378094932691,-0.8995053039007816,0.7039084902278052,0.3398058252427184
0.9285714285714286,0.6283623340926175,0.5502529706493806,0.7433259173141334,0.6406470740187106,0.9285714285714286,0.6406470740187105,0.4792972734788435,0.549632977545567,-0.9694104085156048,0.6152207011316361,0.3422330097087378
0.5714285714285714,0.6008198309973304,0.5316457056579075,0.718077762269232,0.6168477663081566,0.5714285714285714,0.6168477663081565,0.46985412710892316,0.5317728169949294,-1.0322758706692046,0.5220719915760147,0.34466019417475724
0.9285714285714286,0.5721437784269731,0.5107529124297796,0.6913477124325798,0.5914148010964441,0.9285714285714286,0.591414801096444,0.46154154913775486,0.5131593883072685,-1.087614847253313,0.4249946524476548,0.34708737864077666
-1.1102230246251565e-16,0.5424361752986506,0.4877312417528423,0.6632302771014598,0.5644658980509842,-1.1102230246251565e-16,0.5644658980509841,0.45440367284835254,0.49389824379943015,-1.1351335316144753,0.32453918619455663,0.3495145631067961
0.5714285714285714,0.5117990205294686,0.4627876487205491,0.633819965573154,0.5361355449410573,0.5714285714285714,0.5361355449410572,0.4484540832067625,0.47409669299163376,-1.174741485128171,0.22126525986468032,0.3519417475728155
0.0,0.4803343130365316,0.4361290884263538,0.6032112871449454,0.5065582295359436,0.0,0.5065582295359435,0.4437120752369683,0.4538622287839008,-1.2063102558407317,0.11573349691350956,0.3543689320388349
0.0,0.4481440517369454,0.40796251596370986,0.5714987511141164,0.4758684396049239,0.0,0.4758684396049238,0.4401897651233377,0.43330113983356205,-1.2297591831862853,0.008498240133355189,0.3567961165048543
0.5714285714285714,0.41533023554781484,0.37849488642607104,0.5387768667779493,0.4442006629172784,0.5714285714285714,0.4442006629172783,0.4378946080632956,0.4125173222257865,-1.2450386359917869,-0.09989864601527378,0.35922330097087374
0.2857142857142857,0.3819948633862454,0.347933154906891,0.5051401434337272,0.4116893872422878,0.2857142857142857,0.4116893872422877,0.43680761739421803,0.3916112939912472,-1.2522750133697635,-0.20893291513393555,0.36165048543689315
0.2857142857142857,0.3482399341693421,0.31648427649962335,0.4706830903787319,0.3784691003492324,0.2857142857142857,0.3784691003492323,0.436855469061514,0.3706794779230537,-1.251956452472628,-0.3181016793160831,0.36407766990291257
0.5,0.3141674468142104,0.2843552062977217,0.43550021691024643,0.34467429000739286,0.5,0.34467429000739275,0.4379626325659551,0.3498139974521573,-1.244585779324111,-0.42692447374794174,0.366504854368932
0.2857142857142857,0.2798794002379553,0.2517528993946397,0.39968603232555316,0.3104394439860494,0.2857142857142857,0.3104394439860493,0.44006164992597685,0.3291029989491945,-1.2306120791147697,-0.5349415757605284,0.3689320388349514
0.5714285714285714,0.24547779335768194,0.2188843108838309,0.36333504592193466,0.2758990500544825,0.5714285714285714,0.2758990500544824,0.4430832222432475,0.3086315189199905,-1.2104966924931235,-0.641709482018009,0.3713592233009708
0.5714285714285714,0.21106462509049578,0.18595639585874923,0.3265417669966734,0.2411875959819728,0.5714285714285714,0.2411875959819727,0.44696532155715335,0.28848313693192335,-1.1846525555990637,-0.7467922877688894,0.37378640776699024
0.5714285714285714,0.17674189435350202,0.15317610941284804,0.2894007048470521,0.20643956953780074,0.5714285714285714,0.20643956953780063,0.4516232313623001,0.26874117802624437,-1.1536436480697816,-0.8497554157290387,0.37621359223300965
0.5714285714285714,0.14264283255673932,0.12076054636644568,0.25205166343645174,0.17181834745321223,0.5714285714285714,0.17181834745321212,0.4570054171595402,0.2494892965343655,-1.1178130483643898,-0.9501625712191529,0.37864077669902907
0.5714285714285714,0.109025601081981,0.0889673604473186,0.21481562539264878,0.13760286230731614,0.5714285714285714,0.13760286230731603,0.4630755481826502,0.23081159915631214,-1.0774026197686575,-1.0475751002556837,0.3810679611650485
0.0,0.07617959380393374,0.05806434511010805,0.17805886800951823,0.10410093564118668,0.0,0.10410093564118657,0.46975671308706785,0.2127924370416038,-1.032924380950024,-1.1415530739418558,0.3834951456310679
0.0,0.044394204597304476,0.028319293809454693,0.14214766858093508,0.07162038899589808,0.0,0.07162038899589797,0.47704436454964894,0.1955159685198854,-0.9844086046120804,-1.231657569022609,0.3859223300970873
0.5714285714285714,0.013958827336800095,0.0,0.10744830440077435,0.040469043912524816,0.5714285714285714,0.040469043912524705,0.48491144310204365,0.17906556929342232,-0.9320354326182273,-1.3174537439940108,0.38834951456310673
0.5714285714285714,0.0,0.0,0.07432705276291102,0.02477568425430367,0.5714285714285714,0.02477568425430356,0.49328292981451805,0.16352314509409244,-0.8763042853420612,-1.398514423903854,0.3907766990291262
0.5714285714285714,0.0,0.0,0.04315019096122019,0.014383396987073397,0.5714285714285714,0.014383396987073286,0.5020881462979773,0.1489682984579278,-0.8176856870580836,-1.4744244459943507,0.3932038834951456
0.5,0.0,0.0,0.014283996289576995,0.004761332096525665,0.5,0.004761332096525554,0.5112401291311671,0.13547709998779564,-0.7567585757021738,-1.5447870681157247,0.39563106796116504
0.0,0.0,0.0,1.734723475976807e-18,5.782411586589357e-19,0.0,-1.1044406130385671e-16,0.5206767071017843,0.12312070700222756,-0.6939368410776864,-1.609231173089166,0.39805825242718446
0.0,0.0,0.0,0.0,0.0,0.0,-1.1102230246251565e-16,0.5303435677628128,0.11196402134410598,-0.6295820551595328,-1.667418268833646,0.40048543689320387
0.21428571428571427,0.0,0.0,0.0,0.0,0.21428571428571427,-1.1102230246251565e-16,0.5401127283564596,0.10206434157793101,-0.5645462321918192,-1.7190495177587952,0.4029126213592233
0.5714285714285714,0.0,0.0,0.0,0.0,0.5714285714285714,-1.1102230246251565e-16,0.5498607806447375,0.09347004132162713,-0.49965093265986693,-1.7638726298544856,0.4053398058252427
0.5714285714285714,0.0,0.0,0.0,0.0,0.5714285714285714,-1.1102230246251565e-16,0.5594698360943676,0.08621941666884239,-0.43568097095041397,-1.8016878738980204,0.4077669902912621
0.5714285714285714,0.0,0.0,0.0,0.0,0.5714285714285714,-1.1102230246251565e-16,0.56884836786257,0.08033974972177392,-0.3732456648740099,-1.8323529615484624,0.41019417475728154
0.5,0.0,0.0,0.0,0.0,0.5,-1.1102230246251565e-16,0.577887877617547,0.07584660125935767,-0.31306731582302516,-1.8557867363977574,0.41262135922330095
0.5714285714285714,0.0,0.0,0.0,0.0,0.5714285714285714,-1.1102230246251565e-16,0.5864462108881767,0.07274334207199942,-0.25609228279415486,-1.8719716182693107,0.41504854368932037
0.5714285714285714,0.0,0.0,0.0,0.0,0.5714285714285714,-1.1102230246251565e-16,0.5943849453883644,0.0710209286745805,-0.20324207866529137,-1.8809547729747793,0.4174757281553398
0.5714285714285714,0.0,0.0,0.0,0.0,0.5714285714285714,-1.1102230246251565e-16,0.6016285014534352,0.07065792459156144,-0.1550198567672285,-1.8828480013027542,0.4199029126213592
0.8571428571428571,0.0,0.0,0.0,0.0,0.8571428571428571,-1.1102230246251565e-16,0.6081682807589633,0.07162076332868603,-0.1114828583644338,-1.8778263675039404,0.4223300970873786
0.8571428571428571,0.0,0.0,0.0,0.0,0.8571428571428571,-1.1102230246251565e-16,0.6140858807588297,0.07386424672671178,-0.07208786815050122,-1.866125600154002,0.42475728155339804
0.9285714285714286,0.0,0.0,0.0,0.0,0.9285714285714286,-1.1102230246251565e-16,0.619472202335374,0.0773322760197475,-0.03622973549505874,-1.8480382793580061,0.42718446601941745
0.8571428571428571,0.0,0.0,0.0,0.0,0.8571428571428571,-1.1102230246251565e-16,0.6244434620775273,0.08195881326949173,-0.0031347765763303607,-1.823908822441713,0.42961165048543687
0.5714285714285714,0.0,0.0,0.0,0.0,0.5714285714285714,-1.1102230246251565e-16,0.6290953087730046,0.08766906848879034,0.02783376726731874,-1.7941272925723226,0.4320388349514563
1.0,0.0,0.0,0.007960603859435422,0.0026535346198118073,0.9999999999999999,0.0026535346198116963,0.6335072375073262,0.09438090998181313,0.057205115333611105,-1.7591220432049182,0.4344660194174757
1.0,0.0,0.0,0.027409324497155774,0.009136441499051925,0.9999999999999999,0.009136441499051814,0.6377479746623655,0.10200648499463344,0.08543679688126685,-1.7193512656662782,0.4368932038834951
0.9285714285714286,0.0,0.009861652996527137,0.047236531428147155,0.019032728141558097,0.9285714285714286,0.019032728141557986,0.6418302788883866,0.11045396915756538,0.1126137495374157,-1.6752938650321854,0.43932038834951453
0.9285714285714286,0.022916025525181127,0.031135566246294932,0.06714421788432684,0.04039860321860097,0.9285714285714286,0.04039860321860086,0.6456813179501097,0.11962937551531441,0.1382511103177117,-1.6274400252276906,0.44174757281553395
0.8571428571428571,0.0463833043105622,0.052577950062818124,0.0870189648919572,0.061993406421779175,0.8571428571428571,0.061993406421779064,0.649210014263715,0.129438330307665,0.16174255224443188,-1.5762819475381666,0.44417475728155337
1.0,0.07030807691874463,0.0741067608914237,0.10679350042588687,0.08373611274535174,0.9999999999999999,0.08373611274535163,0.6523250754421762,0.13978761958394081,0.18248031833947873,-1.5223057843245325,0.4466019417475728
0.5714285714285714,0.09459658391233,0.09563995517743887,0.12640055246096432,0.10554569718357772,0.5714285714285714,0.1055456971835776,0.6549225096694448,0.15058665855434622,0.19977210824871355,-1.465983975700129,0.4490291262135922
0.5714285714285714,0.11915506585391955,0.11709548936619049,0.1457728489720383,0.1273411347307161,0.5714285714285714,0.12734113473071598,0.6569041099912664,0.16174885150196333,0.21296413293572347,-1.4077681569826273,0.4514563106796116
1.0,0.14388976330611497,0.1383913199030056,0.16484311793395717,0.14904140038102592,0.9999999999999999,0.1490414003810258,0.6582091662062095,0.17319271603153003,0.22165222892353573,-1.3480832952348176,0.45388349514563103
0.5714285714285714,0.16870691683151767,0.15944540323321138,0.18354408732156977,0.17056546912876627,0.5714285714285714,0.17056546912876616,0.6587707047100766,0.1848426279376364,0.22539053564671568,-1.2873238044444764,0.45631067961165045
0.5714285714285714,0.1935127669927289,0.1801756958021347,0.20180848510972438,0.19183231596819597,0.5714285714285714,0.19183231596819586,0.6585950110522764,0.19662903682267072,0.22422089762964006,-1.2258524209805317,0.45873786407766987
0.8571428571428571,0.21821355435235057,0.20050015405510274,0.21956903927326984,0.21276091589357438,0.8571428571428571,0.21276091589357427,0.6577136083801894,0.20848799218181982,0.21835317259885362,-1.1640026752713295,0.4611650485436893
0.2142857142857143,0.24271551947298375,0.2203367344374425,0.2367584777870545,0.23327024389916026,0.2142857142857143,0.23327024389916015,0.6561489522550432,0.22035980426679844,0.20793685302002152,-1.1020858759980376,0.4635922330097087
0.5714285714285714,0.26692490291723026,0.23960339339448095,0.25330952862592715,0.2532792749792128,0.5714285714285714,0.2532792749792127,0.6539580092837466,0.23218708478518374,0.1933511802953589,-1.0404013287221956,0.4660194174757281
0.9285714285714286,0.2907479452476912,0.2582180873715453,0.26915491976473627,0.27270698412799094,0.9285714285714286,0.2727069841279908,0.6512653478758773,0.2439137409858124,0.17542543847184278,-0.9792415821793801,0.46844660194174753
-1.1102230246251565e-16,0.3140908870269683,0.27609877281396245,0.2842273791783304,0.2914723463397537,-1.1102230246251565e-16,0.2914723463397536,0.648266561142277,0.25548448391115447,0.15546174136042556,-0.9188949929625784,0.47087378640776695
0.5,0.33685996881766306,0.2931634061670594,0.29845963484155835,0.30949433660876025,0.5,0.30949433660876013,0.6452016445669604,0.26684427357613805,0.13505780082814167,-0.859648619162275,0.47330097087378636
0.5714285714285714,0.3589614311823768,0.3093299438761633,0.3117844147292683,0.3266919299292695,0.5714285714285714,0.3266919299292694,0.6423066557437099,0.2779381419159966,0.11578511319059089,-0.8017891437724585,0.4757281553398058
0.9285714285714286,0.380301514683711,0.32451634238660115,0.3241344468163092,0.3429841012955404,0.9285714285714286,0.3429841012955403,0.6397781456311193,0.28871161270673307,0.09895216889838045,-0.7456006846179599,0.4781553398058252
0.5714285714285714,0.4007864598842673,0.3386405581437,0.3354424590775294,0.35828982570183227,0.5714285714285714,0.35828982570183215,0.637773041908085,0.2991113247193573,0.08560367600453166,-0.6913615443269472,0.4805825242718446
0.5,0.420322507346647,0.3516205475927868,0.3456411794877776,0.3725280781424038,0.5,0.3725280781424037,0.6364326476944219,0.3090857405872282,0.0766803258404002,-0.6393405132713152,0.48300970873786403
0.2142857142857143,0.43881589763345163,0.36337426717918886,0.3546633360219023,0.3856178336115143,0.2142857142857143,0.3856178336115142,0.6358929154600232,0.3185859431952932,0.07308718908009908,-0.589792716041317,0.48543689320388345
0.5,0.4561728713072826,0.3738196733482329,0.36244165665475214,0.39747806710342254,0.5,0.3974780671034224,0.6362786759110505,0.32756651448384894,0.07565529594664683,-0.5429550280916771,0.48786407766990286
0.5714285714285714,0.47229966893074155,0.3828747225452461,0.3689088693611756,0.40802775361238774,0.5714285714285714,0.40802775361238763,0.6376999798544251,0.33598648235433426,0.08511728305992411,-0.49904113720520893,0.4902912621359223
0.5714285714285714,0.4871025310664298,0.3904573712155555,0.37399770211602146,0.41718586813266895,0.5714285714285714,0.41718586813266884,0.6402357610403279,0.34381030977235094,0.10199863276344762,-0.45823638487905316,0.4927184466019417
0.5714285714285714,0.5004876982769488,0.3964855758044883,0.37764088289413805,0.42487138565852506,0.5714285714285714,0.42487138565852495,0.643910919009467,0.3510088856993637,0.1264651077249454,-0.42069259817353744,0.4951456310679611
0.5714285714285714,0.5123614111249003,0.4008772927573713,0.3797711396703741,0.4310032811842152,0.5714285714285714,0.4310032811842151,0.6486686266524154,0.35756045809058684,0.1581383952129369,-0.3865232237117337,0.49757281553398053
0.5714285714285714,0.5226299101728854,0.40355047851953146,0.38032120041957823,0.4355005297039984,0.5714285714285714,0.4355005297039983,0.6544206582820513,0.36345142488894533,0.19643115406193856,-0.3557992022928716,0.49999999999999994
1.0,0.5312313496977215,0.4044577296086561,0.3792723573480853,0.43832047888482095,0.9999999999999999,0.43832047888482084,0.6610276944662611,0.3686768772288534,0.2404158988615057,-0.32854613584216363,0.5024271844660194
0.5714285714285714,0.5382315388330892,0.403690202831872,0.3768001595881759,0.439573967084379,0.5714285714285714,0.4395739670843789,0.6682785779391778,0.3732407664641884,0.28868690120440943,-0.3047434162853636,0.5048543689320388
0.5714285714285714,0.5437282004268847,0.40137369506866594,0.37312872050361706,0.4394102053330559,0.5714285714285714,0.4394102053330558,0.6759430767328115,0.377155538577386,0.33971144746923226,-0.28432613226852593,0.5072815533980582
0.2142857142857143,0.5478190573270042,0.3976340031985247,0.3684821534581757,0.4379784046612349,0.2142857142857143,0.4379784046612348,0.6837541985450466,0.3804411292005848,0.39171210100441267,-0.2671903105713298,0.5097087378640777
0.5714285714285714,0.5506018323813442,0.3925969241009353,0.3630845718156187,0.43542777609929945,0.5714285714285714,0.43542777609929934,0.6914156210493788,0.38312353635931506,0.4427161676175302,-0.2532003598858325,0.5121359223300971
0.9285714285714286,0.5521742484378007,0.38638825465538446,0.3571600889397132,0.43190753067763277,0.9285714285714286,0.43190753067763266,0.6986962805653558,0.3852331687734681,0.49118539676268436,-0.2421976851641851,0.5145631067961165
0.5714285714285714,0.5526340283442702,0.379133791741359,0.350932818194226,0.42756687942661836,0.5714285714285714,0.42756687942661825,0.7054374865855249,0.38680326261766873,0.5360633447822629,-0.23400894492000548,0.5169902912621359
0.5714285714285714,0.5520788949486488,0.370959332238346,0.34462687294292427,0.4225550333766397,0.5714285714285714,0.4225550333766396,0.7114692633042111,0.38786930201077524,0.5762184388762598,-0.22844907363431402,0.5194174757281553
0.9285714285714286,0.5506065710988329,0.361990673025832,0.3384663665495747,0.41702120355807987,0.9285714285714286,0.41702120355807976,0.7166699295365924,0.3884687157889723,0.6108406159979332,-0.2253228632192054,0.5218446601941747
-1.1102230246251565e-16,0.5483147796427187,0.35235361098330403,0.3326754123779444,0.4111146010013223,-1.1102230246251565e-16,0.4111146010013222,0.720990346893633,0.3886405583373766,0.6396027492114928,-0.22442662762349355,0.5242718446601942
0.9285714285714287,0.5453012434282025,0.34217394299024895,0.3274781237918003,0.40498443673675055,0.9285714285714287,0.40498443673675044,0.7243954467057943,0.38842517289287837,0.6622713773344796,-0.22554995885868548,0.5266990291262136
0.9285714285714286,0.5416636853031807,0.3315774659261536,0.3230986141549095,0.3987799217947479,0.9285714285714286,0.3987799217947478,0.7268482779531108,0.38786383574679695,0.6786005078919092,-0.22847758264095058,0.529126213592233
0.9285714285714286,0.5374998281155493,0.32068997667050475,0.31976099683103876,0.39265026720569757,0.9285714285714286,0.39265026720569746,0.7283679774707433,0.3869983799239495,0.688717539733636,-0.23299132107275672,0.5315533980582524
0.9285714285714286,0.5329073947132048,0.3096372721027893,0.3176285662948695,0.38672441103695454,0.9285714285714286,0.38672441103695443,0.7289963140572462,0.38587079721967754,0.6929005385299208,-0.2388721681974159,0.5339805825242718
0.9285714285714286,0.5279841079440435,0.2985451491024941,0.316621341464741,0.38105019950375957,0.9285714285714286,0.38105019950375946,0.7287860585054651,0.38452281808058636,0.6915008130660454,-0.2459024811085593,0.5364077669902912
1.0,0.5228276906559615,0.28753940454910587,0.3165985223699067,0.3756552058583247,0.9999999999999999,0.37565520585832457,0.7277841547246774,0.3829954704970022,0.684830881059772,-0.25386828052286975,0.5388349514563107
0.9285714285714286,0.5175358656968553,0.27674583532211167,0.3174193090396201,0.3705670033528623,0.9285714285714286,0.3705670033528622,0.7259613177707281,0.38132862221188923,0.6726957850809889,-0.26256163836492635,0.5412621359223301
0.9285714285714286,0.5122063559146209,0.2662902383009983,0.31894290150313503,0.3658131652395848,0.9285714285714286,0.3658131652395847,0.7232670009315032,0.379560512520011,0.6547590226237602,-0.27178311964356844,0.5436893203883495
1.0,0.5069368841571549,0.25629841036525247,0.3210284997897047,0.361421264770704,0.9999999999999999,0.3614212647707039,0.7197231103907299,0.3777272810804458,0.6311664288059684,-0.2813442399049536,0.5461165048543689
1.0,0.5018251732723532,0.24689614839436125,0.32353530392858293,0.35741887519843246,0.9999999999999999,0.35741887519843235,0.7153185618288501,0.3758625022166233,0.6018442124520477,-0.29106989406574224,0.5485436893203883
1.0,0.4969689461081125,0.23820924926781115,0.3263225139490231,0.3538335697749823,0.9999999999999999,0.3538335697749822,0.7100461277234742,0.37399673418648394,0.5667442580804142,-0.30080070717041013,0.5509708737864077
1.0,0.49246592551232865,0.2303635098650894,0.3292493298802789,0.35069292175256567,0.9999999999999999,0.35069292175256556,0.7039358947498617,0.3721570937785958,0.5260668604520268,-0.3103952530623865,0.5533980582524272
0.9285714285714286,0.4884138343328982,0.22348472706568254,0.33217495175160383,0.3480245043833949,0.9285714285714286,0.3480245043833948,0.6971056686938969,0.3703668672158625,0.4805962830828642,-0.3197320836949001,0.5558252427184466
1.0,0.4849103954177174,0.21769869774907766,0.3349585795922514,0.3458558909196821,0.9999999999999999,0.345855890919682,0.6896890802817545,0.36864516940418707,0.43122214019998717,-0.32871150630129864,0.558252427184466
0.9285714285714286,0.48205333161468245,0.21313121879476143,0.3374594134314753,0.3442146546136397,0.9285714285714286,0.3442146546136396,0.6818025165050599,0.3670066691310203,0.3787192500398795,-0.3372570166072834,0.5606796116504854
0.9285714285714286,0.4799403657716897,0.20990808708222072,0.339536653298529,0.34312836871747976,0.9285714285714286,0.34312836871747965,0.673526782743429,0.3654614073559243,0.3236255548661743,-0.34531624652673026,0.5631067961165048
0.5714285714285714,0.4786432303726664,0.2081152474907372,0.3410729070594919,0.34261046164096515,0.5714285714285714,0.34261046164096504,0.6649478628813612,0.3640147321607569,0.2665134715858066,-0.35286130342551375,0.5655339805825242
0.8571428571428571,0.47812969644566344,0.2076792368987712,0.3420444139277471,0.34261778242406055,0.8571428571428571,0.34261778242406044,0.6561104189772924,0.362667363817106,0.20768032704666425,-0.35988843076579385,0.5679611650485437
0.5714285714285714,0.4783415446547631,0.2084867401845774,0.34245082095350343,0.34309303526428137,0.5714285714285714,0.34309303526428125,0.6469841969849968,0.3614155934734889,0.14692471225607703,-0.36641697186358196,0.5703883495145631
0.0,0.47922055566404725,0.21042444222641105,0.34229177518696974,0.3439789243591427,0.0,0.34397892435914257,0.6375255986026029,0.36025160981743576,0.08395638206810635,-0.37248766620016305,0.5728155339805825
0.5714285714285714,0.48070851013759813,0.2133790279025271,0.341566923678355,0.34521815390616006,0.5714285714285714,0.34521815390615995,0.6277004412267742,0.35916393730774776,0.01854777407164483,-0.3781603638452547,0.5752427184466019
0.5714285714285714,0.48274718873949757,0.21723718209118048,0.3402759134778681,0.34675342810284876,0.5714285714285714,0.34675342810284865,0.6175056242079497,0.35813795807866206,-0.049321753557544,-0.3835113034938232,0.5776699029126213
0.0,0.4852783721338277,0.2218855896706261,0.3384183916357178,0.34852745114672384,0.0,0.34852745114672373,0.6070030378667671,0.35715648564521313,-0.11924018098440825,-0.3886301203365374,0.5800970873786407
0.5714285714285714,0.48824384098467055,0.22721093551911914,0.3359940052021131,0.35048292723530095,0.5714285714285714,0.35048292723530083,0.5962892283478235,0.3562003703052477,-0.19056477561098836,-0.3936166886180265,0.5825242718446602
0.9285714285714286,0.49158537595610824,0.23309990451491447,0.3330024012272628,0.35256256056609514,0.9285714285714286,0.35256256056609503,0.585472460980836,0.35524912271231734,-0.2625747871998885,-0.39857786942589957,0.5849514563106796
-1.1102230246251565e-16,0.49524475771222265,0.23943918153626706,0.32944322676137583,0.35470905533662184,-1.1102230246251565e-16,0.3547090553366217,0.5745908930079284,0.3542815429485187,-0.33501619314395636,-0.40362422979508217,0.587378640776699
0.5714285714285714,0.4991637669170959,0.246115451461432,0.32531612885466116,0.35686511574439633,0.5714285714285714,0.3568651157443962,0.5637007938182674,0.3532763424938529,-0.40751439359940034,-0.4088667988599778,0.5898058252427184
0.5714285714285714,0.5032841842348101,0.2530153991686642,0.32062075455732747,0.358973445986934,0.5714285714285714,0.35897344598693387,0.5529758161974397,0.3522127455428754,-0.4789133371621101,-0.4144139317197276,0.5922330097087378
0.5714285714285714,0.5075477903294472,0.2600257095362187,0.3153567509195838,0.36097675026174986,0.5714285714285714,0.36097675026174975,0.5426422730944476,0.35107105426788476,-0.5477064001313573,-0.42036836133836253,0.5946601941747572
0.2142857142857143,0.5118963658650894,0.2670330674423504,0.309523764991639,0.3628177327663596,0.2142857142857143,0.3628177327663595,0.532895272290833,0.3498331878492193,-0.612594699658574,-0.4268243872611984,0.5970873786407767
0.5714285714285714,0.5162716915058184,0.27392415776531437,0.30312144382370193,0.36443909769827826,0.5714285714285714,0.36443909769827815,0.5238768634047404,0.34848324250067886,-0.6726325747803941,-0.43386495483228144,0.5995145631067961
0.5,0.5206155479157164,0.2805856653833655,0.2961494344659816,0.36578354925502116,0.5,0.36578354925502105,0.5156533745998639,0.34700796780297294,-0.7273784617953672,-0.4415591709028341,0.6019417475728155
0.5714285714285714,0.5248697157588658,0.2869042751747588,0.2886073839686866,0.36679379163410375,0.5714285714285714,0.36679379163410364,0.5082683487217224,0.34539707171459827,-0.7765424847448047,-0.4499607130633799,0.6043689320388349
0.2142857142857143,0.5289759756993481,0.2927666720177495,0.2804949393820262,0.3674125290330412,0.2142857142857143,0.3674125290330411,0.5017652734396135,0.343643374132781,-0.8198351349923596,-0.45910702875488474,0.6067961165048543
0.0,0.5328761084012457,0.2980595407905922,0.271811747756209,0.36758246564934893,0.0,0.3675824656493488,0.49619309993810407,0.34174285096102164,-0.856930531870698,-0.46901910543683945,0.6092233009708737
0.0,0.5365118945286405,0.3026695663715421,0.2625574561414439,0.3672463056805421,0.0,0.367246305680542,0.49161779078779233,0.3396946656487425,-0.8873895455259495,-0.47970130609391964,0.6116504854368932
0.5714285714285714,0.5398251147456143,0.30648343363885416,0.25273171158793994,0.3663467533241362,0.5714285714285714,0.3663467533241361,0.48803569769763744,0.3375013669021996,-0.9112364635730011,-0.491140338085328,0.6140776699029126
0.2142857142857143,0.5427575497162498,0.30938782747078336,0.2423341611459058,0.3648265127776463,0.2142857142857143,0.36482651277764616,0.4854156138197428,0.3351690942306483,-0.9286790380511126,-0.50330418112979,0.616504854368932
0.5714285714285714,0.5452509801046284,0.3112694327455848,0.2313644518655506,0.3626282882385879,0.5714285714285714,0.3626282882385878,0.48376610991383473,0.33270774603182396,-0.9396602112011327,-0.5161412106647432,0.6189320388349514
0.5714285714285714,0.5472471865748324,0.3120149343415133,0.21982223079708305,0.35969478390447623,0.5714285714285714,0.3596947839044761,0.4831172426696999,0.33013111226236724,-0.9439798878831338,-0.5295795059108496,0.6213592233009708
0.9285714285714286,0.5486879497909438,0.31151101713682383,0.20770714499071216,0.3559687039728266,0.9285714285714286,0.3559687039728265,0.4834674467571277,0.3274569687392003,-0.9416484889042557,-0.5435263580482247,0.6237864077669902
0.5,0.5495150504170447,0.30964436600977147,0.19501884149664667,0.35139275264115427,0.5,0.35139275264115416,0.48480069062990516,0.3247071214627767,-0.9327727404045195,-0.5578680390509051,0.6262135922330097
0.5,0.5496931213693326,0.3063506095692639,0.18177855473180637,0.34594076189013423,0.5,0.3459407618901341,0.4870797887182763,0.3219073908546916,-0.9176001963173896,-0.5724698838947462,0.6286407766990291
0.5714285714285714,0.5492782045724662,0.30176115134681886,0.16809386857995426,0.3397110748330798,0.5714285714285714,0.33971107483307966,0.4902305692236865,0.31908753191644873,-0.8966246374456025,-0.5871767069650927,0.6310679611650485
1.0,0.5483491942032205,0.2960563386046069,0.154093954291564,0.3328331623664638,0.9999999999999999,0.3328331623664637,0.4941531562537575,0.31628109076280964,-0.8705109633773258,-0.6018135502994008,0.6334951456310679
0.5714285714285714,0.5469849844383693,0.2894165186047986,0.13990798311710922,0.32543649538675906,0.5714285714285714,0.32543649538675895,0.4986729582992219,0.31352519974702336,-0.8404214748424462,-0.6161867521006162,0.6359223300970873
0.0,0.5452644694546874,0.2820220386095646,0.125665126307064,0.3176505447904387,0.0,0.3176505447904386,0.5036065666658026,0.31086031683269655,-0.8075771708467031,-0.6300853060292093,0.6383495145631067
0.5714285714285714,0.5432665434289492,0.27405324588107527,0.11149455511190187,0.30960478147397547,0.5714285714285714,0.30960478147397535,0.5088129832947161,0.3083299192886265,-0.7729167118514458,-0.6432824587213458,0.6407766990291262
0.5714285714285714,0.541070100537929,0.2656904876815013,0.09752544078209657,0.3014286763338423,0.5714285714285714,0.3014286763338422,0.5142129690496993,0.3059801632698517,-0.7369676132341452,-0.6555374852256632,0.6432038834951456
0.5714285714285714,0.5387540349584015,0.257114111273013,0.08388695456812206,0.2932517002665122,0.5714285714285714,0.2932517002665121,0.5197829831184417,0.303859516313634,-0.6998865922569703,-0.6665976057007664,0.645631067961165
0.5714285714285714,0.5363972408671409,0.24850446391778103,0.0707082677204518,0.2852033241684579,0.5714285714285714,0.2852033241684578,0.525547151805961,0.30201836703539453,-0.661513033881716,-0.6762000210251431,0.6480582524271844
0.5,0.5340786124409216,0.24004189287797592,0.058118551489559744,0.2774130189361524,0.5,0.2774130189361523,0.5314800780706639,0.3005086156445052,-0.622016012767881,-0.684074048440094,0.6504854368932038
0.5,0.5318770438565181,0.2319067454157681,0.046246977125919686,0.27001025546606866,0.5,0.27001025546606855,0.5375689665572853,0.29938324814030437,-0.5814807108972593,-0.6899433423075781,0.6529126213592232
0.0,0.529871429290705,0.22427936879332833,0.03522271588000536,0.26312450465467957,0.0,0.26312450465467946,0.5438299980350466,0.29869589407417757,-0.5397994087137556,-0.6935282005783643,0.6553398058252426
0.5714285714285714,0.5281406629202564,0.21734011027282696,0.025174939002290286,0.25688523739845787,0.5714285714285714,0.25688523739845776,0.5502408575886534,0.2985003628001662,-0.4971206623667677,-0.6945479834521121,0.6577669902912621
0.9285714285714286,0.5267636389219471,0.21124289519490266,0.016232817743248362,0.2514131172866994,0.9285714285714286,0.2514131172866993,0.5567631163153131,0.2988501535554096,-0.4537003029786213,-0.6927236685265529,0.6601941747572815
0.9285714285714286,0.5258192514725513,0.20603596121406748,0.008525523353353659,0.24679357867999077,0.9285714285714286,0.24679357867999066,0.5634084190372552,0.2997979376913955,-0.40946080796283074,-0.687780551192637,0.6626213592233009
0.5,0.5253863947488434,0.2017411240633014,0.0021822270830796353,0.2431032486317415,0.5,0.24310324863174138,0.5701484065262421,0.3013950144960763,-0.3645909720197695,-0.6794510827651027,0.6650485436893203
0.0,0.525543962927598,0.1983801994755844,0.0,0.24130805413439413,0.0,0.24130805413439402,0.5769148648930168,0.303690745186521,-0.31954491261256224,-0.6674778224634462,0.6674757281553397
0.5714285714285714,0.5263708501855894,0.1959750031838966,0.0,0.240781951123162,0.5714285714285714,0.2407819511231619,0.5836759490559302,0.3067319661025762,-0.274534630667253,-0.6516164978689148,0.6699029126213591
0.5,0.5279459506995922,0.19454735092121803,0.0,0.24083110054027004,0.5,0.24083110054026993,0.5904464618220687,0.3105623709501958,-0.2294615800772582,-0.6316392268012914,0.6723300970873786
0.5714285714285714,0.5303481586463804,0.19411905842052862,0.0,0.24148907235563635,0.5714285714285714,0.24148907235563624,0.5972441829843621,0.3152218884927001,-0.18420739617303425,-0.6073377629367595,0.674757281553398
0.5714285714285714,0.5336563682027291,0.19471194141480874,0.0,0.24278943653917928,0.5714285714285714,0.24278943653917917,0.604121502231439,0.3207460901302578,-0.13842330727841456,-0.5785265855453456,0.6771844660194174
1.0,0.5379494735454122,0.19634781563703815,0.0,0.2447657630608168,0.9999999999999999,0.24476576306081668,0.6111758925178435,0.3271656441103426,-0.09146041078246324,-0.545045746027013,0.6796116504854368
0.0,0.5433063688512043,0.199048496820197,0.006821485580336184,0.24972545041724584,0.0,0.24972545041724573,0.6185517046250131,0.3345057346732457,-0.04235772628396572,-0.5067638973270913,0.6820388349514562
0.21428571428571427,0.5498059482968799,0.2028358006972653,0.016040339284082883,0.2562273627594094,0.21428571428571427,0.25622736275940927,0.6263923059490112,0.3427852144314434,0.009839179968100235,-0.4635827146562292,0.6844660194174756
1.0,0.5575271060592134,0.20773154300122343,0.02778573236171422,0.26434812714071704,0.9999999999999999,0.2643481271407169,0.6348095214971652,0.3520158097670412,0.06587475590354264,-0.41544103969741236,0.6868932038834951
1.0,0.566548736314979,0.213757539465051,0.042186836063703825,0.274164370614578,0.9999999999999999,0.2741643706145779,0.64386155686911,0.36220161365828285,0.12613649121887086,-0.3623175257421072,0.6893203883495145
0.5714285714285714,0.5769209909651392,0.2209391110996197,0.05932220923693099,0.2857274371005633,0.5714285714285714,0.2857274371005632,0.6535701894897223,0.3733388593823174,0.19076936385107415,-0.3042318179313423,0.6917475728155339
0.8571428571428571,0.588579052807406,0.22931560002736706,0.07906796111389747,0.2989875379828902,0.8571428571428571,0.2989875379828901,0.6638928119732164,0.38541585997666544,0.2594897254382967,-0.24124486899118658,0.6941747572815533
0.9285714285714286,0.6014293623636795,0.2389298536486223,0.10124958852351079,0.31386960151193755,0.9285714285714286,0.31386960151193743,0.6747501474070344,0.39841281685802027,0.3317698091165281,-0.1734599373711268,0.6966019417475727
0.5714285714285714,0.6153783601558596,0.2498247193637143,0.12569258829467828,0.33029855593808405,0.5714285714285714,0.33029855593808394,0.6860396520396297,0.41230151223684725,0.4069269546706847,-0.10102419143923072,0.6990291262135921
0.9285714285714286,0.6303324867058462,0.26204304457297223,0.15222245725630687,0.34819932951170846,0.9285714285714286,0.34819932951170834,0.6976729395261116,0.4270451937720912,0.4843727513950607,-0.02412931105933435,0.7014563106796116
-1.1102230246251565e-16,0.6461981825355395,0.275627676676725,0.18066469223730422,0.36749685048318964,-1.1102230246251565e-16,0.36749685048318953,0.709553756706478,0.44259824293029937,0.5634664171657484,0.05698678275374828,0.703883495145631
0.5714285714285714,0.6628818881668392,0.29062146307530184,0.2108447900665777,0.3881160471029063,0.5714285714285714,0.3881160471029062,0.7215658996507098,0.45890632589409763,0.6434343524346167,0.1420407148892909,0.7063106796116504
0.5714285714285714,0.6802900441216455,0.3070672511690316,0.24258824757303454,0.4099818476212372,0.5714285714285714,0.40998184762123707,0.7336126829148105,0.4759070641137805,0.7236328972516586,0.23070715336651162,0.7087378640776698
0.9285714285714286,0.6983290909218584,0.3250078883582435,0.27572056158558217,0.4330191802885614,0.9285714285714286,0.4330191802885613,0.7456628065239069,0.49353105627085664,0.8038536796073007,0.3226241393306403,0.7111650485436892
0.5714285714285714,0.7169054690893776,0.3444862220432664,0.31006722893312794,0.4571529733552573,0.5714285714285714,0.4571529733552572,0.757707153574465,0.5117031155960177,0.8840360059221339,0.4173995402184292,0.7135922330097086
1.0,0.7359256191461031,0.36554509962442955,0.3454537464445789,0.4823081550717038,0.9999999999999999,0.4823081550717037,0.769690410506128,0.530343613764703,0.9638116395514021,0.5146180587734025,0.7160194174757281
0.5714285714285714,0.7552959816139351,0.3882273685020619,0.3817056109488426,0.5084096536882798,0.5714285714285714,0.5084096536882797,0.7815536118823546,0.5493698461484843,1.0427880323682386,0.6138483534412373,0.7184466019417475
0.8571428571428571,0.7749229970147735,0.4125758760764925,0.4186483192748266,0.5353823974553643,0.8571428571428571,0.5353823974553642,0.7932468154801967,0.568697353382535,1.1206327061070702,0.7146499309340274,0.7208737864077669
0.9285714285714286,0.7947131058705179,0.43859296872676473,0.4561073682514378,0.5631378142829068,0.9285714285714286,0.5631378142829067,0.8047381793969088,0.5882411513681861,1.1971336810046354,0.8165795612426512,0.7233009708737863
1.0,0.814572748703069,0.46611898874677893,0.4939082547075839,0.5915333307191439,0.9999999999999999,0.5915333307191438,0.8160079457855479,0.6079168363999407,1.2721594239753948,0.9191970413674515,0.7257281553398057
0.5714285714285714,0.834408366034326,0.49495377740915003,0.5318764754721721,0.6204128729718826,0.5714285714285714,0.6204128729718825,0.827047452587874,0.6276415449532885,1.345652269462433,1.0220702010401115,0.7281553398058251
0.9285714285714286,0.8541263983861893,0.5248971759864924,0.5698375273741098,0.6496203672489305,0.9285714285714286,0.6496203672489304,0.8378445856353178,0.6473347593992288,1.4175315703195677,1.1247791048845384,0.7305825242718446
1.0,0.8736332862805586,0.555749025751421,0.6076169072423041,0.6789997397580946,0.9999999999999999,0.6789997397580945,0.8483338647440725,0.6669188118110825,1.4873614080662765,1.2269186799942766,0.733009708737864
0.5714285714285714,0.8928354702393342,0.5873091679765508,0.6450401119056626,0.7083949167071825,0.5714285714285714,0.7083949167071824,0.8584199277865302,0.6863187523669695,1.5545069324112306,1.3280980295926839,0.7354368932038834
1.0,0.9116393907844158,0.6193774439344959,0.6819326381930926,0.7376498243040014,0.9999999999999999,0.7376498243040013,0.8679912163705771,0.7054621715665428,1.618225470350896,1.4279395058138427,0.7378640776699028
0.9285714285714286,0.9299514884377036,0.6517536948978714,0.7181199829335013,0.7666083887563588,0.9285714285714286,0.7666083887563587,0.8769283620637625,0.7242791107529408,1.6777223554278657,1.5260782430346016,0.7402912621359222
0.9285714285714286,0.9476782037210973,0.684237762139292,0.7534276429557961,0.7951145362720617,0.9285714285714286,0.7951145362720616,0.8850658414993737,0.742702060025041,1.7318956558772405,1.6221621469860443,0.7427184466019416
1.0,0.9647259771564971,0.7166294869313723,0.7876811150888845,0.8230121930589179,0.9999999999999999,0.8230121930589178,0.8921748115848391,0.7606659116106,1.7792219041796555,1.715851651573605,0.7451456310679611
1.0,0.9810012492658027,0.7487287105467271,0.8207058961616736,0.8501452853247344,0.9999999999999999,0.8501452853247343,0.8980664699960237,0.7781073020401902,1.818444194543602,1.8068162880205094,0.7475728155339805
1.0,0.9964104605709143,0.7803352742579712,0.8523274830030709,0.8763577392773189,0.9999999999999999,0.8763577392773187,0.902573165009165,0.7949640057271702,1.848446426182085,1.894731522116634,0.7499999999999999
1.0,1.0,0.8112657517984347,0.882393544996765,0.8978864322650666,0.9999999999999999,0.8978864322650665,0.9055234201462861,0.8111741664080939,1.868087035932341,1.9792747458371744,0.7524271844660193
1.0,1.0,0.8414036467443091,0.9108404417455709,0.9174146961632933,0.9999999999999999,0.9174146961632932,0.9067722041860216,0.8266750816701118,1.8764005135289687,2.0601189381104885,0.7548543689320387
1.0,1.0,0.8706491951325024,0.9376267054070839,0.9360919668465287,0.9999999999999999,0.9360919668465286,0.9062741471075575,0.8414023824906374,1.8730848190358442,2.1369283857512285,0.7572815533980581
1.0,1.0,0.8989026329999212,0.9627108681389007,0.9538711670462741,0.9999999999999999,0.953871167046274,0.9040017524993726,0.8552898779471386,1.8579569017461226,2.2093578735525834,0.7597087378640776
1.0,1.0,0.926064196383473,0.9860514620986167,0.9707052194940299,0.9999999999999999,0.9707052194940298,0.8999234925396596,0.8682698434536336,1.8308068728143945,2.277054187568267,0.762135922330097
1.0,1.0,0.9520341213200653,1.0,0.9840113737733551,0.9999999999999999,0.984011373773355,0.8940714805742568,0.880273614453293,1.791848519070636,2.339659211484446,0.7645631067961164
1.0,1.0,0.9767126438466054,1.0,0.9922375479488684,0.9999999999999999,0.9922375479488683,0.886549362530521,0.8912324252540078,1.7417718381987102,2.3968143015216605,0.7669902912621358
1.0,1.0,1.0,1.0,1.0,0.9999999999999999,0.9999999999999999,0.8774842498389241,0.9010785010670924,1.681423043791904,2.448165981904114,0.7694174757281552
1.0,1.0,1.0,1.0,1.0,0.9999999999999999,0.9999999999999999,0.8670488830885168,0.9097463617948208,1.611952114526598,2.493372744693653,0.7718446601941746
1.0,1.0,1.0,1.0,1.0,0.9999999999999999,0.9999999999999999,0.8554898124440802,0.9171742116402805,1.5350003984710998,2.532112297225435,0.774271844660194
1.0,1.0,1.0,1.0,1.0,0.9999999999999999,0.9999999999999999,0.8430707826739495,0.9233054650205051,1.4523237126065804,2.5640895204260454,0.7766990291262135
1.0,1.0,1.0,1.0,1.0,0.9999999999999999,0.9999999999999999,0.8300745398142638,0.9280902043244507,1.3658043702571874,2.5890440716720406,0.779126213592233
0.9285714285714286,1.0,1.0,1.0,1.0,0.9285714285714286,0.9999999999999999,0.8167127552412908,0.9314864692349251,1.2768515223957522,2.606757109179334,0.7815533980582524
1.0,1.0,1.0,1.0,1.0,0.9999999999999999,0.9999999999999999,0.8031407803069778,0.9334613354856818,1.1864993830600297,2.617056918202964,0.7839805825242718
1.0,1.0,1.0,1.0,1.0,0.9999999999999999,0.9999999999999999,0.7894808939486594,0.933991752301183,1.0955619946894855,2.6198232786592692,0.7864077669902912
1.0,1.0,1.0,1.0,1.0,0.9999999999999999,0.9999999999999999,0.7758661707230525,0.933065118548736,1.0049252689475814,2.6149904700164575,0.7888349514563107
1.0,1.0,1.0,1.0,1.0,0.9999999999999999,0.9999999999999999,0.7623895568838742,0.9306795875789219,0.9152079730297492,2.6025488611735166,0.7912621359223301
0.9285714285714286,1.0,1.0,1.0,1.0,0.9285714285714286,0.9999999999999999,0.7491247350565199,0.9268441001666549,0.8269006311867756,2.58254508226254,0.7936893203883495
1.0,1.0,1.0,1.0,1.0,0.9999999999999999,0.9999999999999999,0.7360999114116906,0.9215781542249651,0.7401910191755159,2.5550808236033116,0.7961165048543689
1.0,1.0,1.0,1.0,1.0,0.9999999999999999,0.9999999999999999,0.7233035484564231,0.9149113289554018,0.6550023289281057,2.520310353935251,0.7985436893203883
1.0,1.0,1.0,1.0,1.0,0.9999999999999999,0.9999999999999999,0.710673748516934,0.906882587232029,0.5709224916577036,2.4784368820385576,0.8009708737864077
1.0,0.9829180635622488,1.0,1.0,0.9943060211874162,0.9999999999999999,0.9943060211874161,0.6981573979261186,0.8975393805497608,0.4875979159766079,2.4297078886402494,0.8033980582524272
0.5,0.9645955389759528,1.0,1.0,0.9881985129919842,0.5,0.9881985129919841,0.6856607793563475,0.8869366197259796,0.40440470145137875,2.374409758163653,0.8058252427184466
0.1428571428571428,0.9451050796318536,1.0,1.0,0.981701693210618,0.1428571428571428,0.9817016932106178,0.6731062375222896,0.8751356537054455,0.3208258768089081,2.312862452740173,0.808252427184466
0.0,0.9245193389206932,1.0,1.0,0.9748397796402312,0.0,0.974839779640231,0.6604670801540374,0.8622031859861041,0.23668374472058035,2.2454138608861998,0.8106796116504854
0.0,0.902910970233213,1.0,1.0,0.9676369900777377,0.0,0.9676369900777376,0.6477331033609608,0.8482101152235765,0.15191037525339365,2.1724337507380063,0.8131067961165048
0.5714285714285714,0.8803612310133284,1.0,0.974541649219586,0.9516342934109714,0.5714285714285714,0.9516342934109713,0.6349456574777198,0.8332303275487288,0.06678104825548167,2.0943074714487953,0.8155339805825242
0.2857142857142857,0.8569857949176476,1.0,0.946691563537502,0.9345591194850499,0.2857142857142857,0.9345591194850498,0.6222014759092681,0.8173395364736974,-0.018060257034681358,2.011429902780784,0.8179611650485437
0.0,0.8329089396559521,0.9927630557114343,0.9167138693570676,0.9141286215748181,0.0,0.914128621574818,0.6095373510182202,0.8006143930211708,-0.1023686043650378,1.9242008140322011,0.8203883495145631
0.0,0.8082549429380235,0.9626300071777255,0.8848726930816003,0.8852525477324497,0.0,0.8852525477324495,0.596957035984644,0.7831318040635786,-0.18611900784738028,1.8330213088718776,0.8228155339805825
0.2857142857142857,0.783148082473643,0.9303845431853899,0.8514321611144196,0.8549882622578174,0.2857142857142857,0.8549882622578173,0.5845151661496831,0.7649685775014509,-0.2689477459172687,1.7382919747860095,0.8252427184466019
0.5,0.7577126359725923,0.8963202302877478,0.8166563998588434,0.8235630887063946,0.5,0.8235630887063945,0.5723223392591592,0.7462014650262329,-0.35011854084142846,1.6404131061053269,0.8276699029126213
0.5714285714285714,0.7320728811446533,0.860730635038119,0.7808095357181906,0.7912043506336542,0.5714285714285714,0.7912043506336541,0.5605248127713109,0.7269070825284547,-0.4286577189791676,1.5397842888981688,0.8300970873786407
0.5714285714285714,0.7063530956996071,0.8239093239898236,0.74415569509578,0.7581393715950702,0.5714285714285714,0.75813937159507,0.5492863793051173,0.7071618283642729,-0.5034748705998632,1.4368039746940144,0.8325242718446602
0.5714285714285714,0.6806775573472353,0.7861498636961816,0.7069590043949296,0.7245954751461156,0.5714285714285714,0.7245954751461154,0.538761002567251,0.6870420384263124,-0.573545019578428,1.3318702892471446,0.8349514563106796
0.5714285714285714,0.6551705437973196,0.7477458207105132,0.6694835900189584,0.6907999848422638,0.5714285714285714,0.6907999848422637,0.5290415542091605,0.6666244849049091,-0.6382498953659839,1.2253836337991533,0.837378640776699
0.5714285714285714,0.6299563327596414,0.7089907615861382,0.6319935783711847,0.656980224238988,0.5714285714285714,0.6569802242389879,0.520192962066882,0.645987222921652,-0.6971572566036499,1.1177511006507845,0.8398058252427184
0.8571428571428571,0.6051592019439822,0.6701782528763764,0.5947530958549272,0.623363516891762,0.8571428571428571,0.6233635168917618,0.5122949906331562,0.625210442582368,-0.7497360904803182,1.009390916998582,0.8422330097087378
0.5714285714285714,0.5809034290601236,0.6316018611345484,0.5580262688735045,0.5901771863560589,0.5714285714285714,0.5901771863560588,0.5054205295111047,0.6043770651193471,-0.795501152099115,0.900735554082693,0.8446601941747572
0.5714285714285714,0.5573132918178471,0.5935253700961433,0.5220543080880014,0.5576309900006639,0.5714285714285714,0.5576309900006637,0.4995680807911594,0.5835732507890709,-0.8344624134305659,0.7922343761002364,0.8470873786407767
0.5714285714285714,0.5345130679269342,0.5560934322253293,0.4869867611905671,0.5258644204476102,0.5714285714285714,0.5258644204476101,0.4946689094164028,0.5628881267755909,-0.8670774614853975,0.6843522210999625,0.8495145631067961
0.5714285714285714,0.5126270350971666,0.5194209171684434,0.45295026013111744,0.49499940413224247,0.5714285714285714,0.49499940413224236,0.49060400268637766,0.5424131828147614,-0.8941385945213418,0.577566248892851,0.8519417475728155
0.5714285714285714,0.49177947103832553,0.4836226945718234,0.42007143685956816,0.46515786748990573,0.5714285714285714,0.4651578674899056,0.4872156136131461,0.5222415268355571,-0.916695974943129,0.4723620588893219,0.8543689320388349
0.8571428571428571,0.47209465346019275,0.44881363408180647,0.38847692332583483,0.4364617369559447,0.8571428571428571,0.4364617369559446,0.48432892651751586,0.5024669960042398,-0.9359133958376817,0.3692290537977577,0.8567961165048543
0.5714285714285714,0.45369686007254967,0.41510860534473026,0.35829335147983304,0.4090329389657043,0.5714285714285714,0.4090329389657042,0.48179720157907946,0.4831831250564201,-0.9527677420551217,0.2686550590156993,0.8592233009708737
0.5714285714285714,0.4367103685851779,0.38262247800693205,0.3296473532714784,0.3829933999545294,0.5714285714285714,0.3829933999545293,0.4794913008739539,0.4644819824374366,-0.968118718078302,0.17112025258240765,0.8616504854368932
0.5714285714285714,0.421259456707859,0.35147012171474923,0.3026655606506868,0.358465046357765,0.5714285714285714,0.3584650463577649,0.4772738059653593,0.4464528959353932,-0.9828811539011868,0.07709051878631007,0.8640776699029126
0.5714285714285714,0.4074684021503744,0.32176640611451945,0.2774746055673736,0.3355698046107558,0.5714285714285714,0.3355698046107557,0.4749583978866517,0.4291811034732265,-0.9982954229636456,-0.012989588556616718,0.866504854368932
0.0,0.39546148262250563,0.29362620085257984,0.25420111997145456,0.31442960114884666,0.0,0.31442960114884655,0.4723043322355753,0.4127463818276051,-1.015964222874699,-0.09870399794588883,0.8689320388349514
0.5714285714285714,0.3853629758340343,0.26716437557526806,0.2329717358128454,0.2951663624073826,0.5714285714285714,0.2951663624073825,0.46904335397734165,0.39722172670957495,-1.0376733966231546,-0.17967200416512516,0.8713592233009708
0.2142857142857143,0.3772971594947419,0.2424957999289213,0.21391308504146167,0.2779020148217083,0.2142857142857143,0.2779020148217082,0.46493938162706483,0.3826721829005522,-1.0649945995738535,-0.2555543696450407,0.8737864077669902
0.5,0.3713883113144098,0.21973534355987728,0.19715179960721915,0.26275848482716874,0.5,0.2627584848271686,0.4597945919589973,0.3691539532621742,-1.0992447919881492,-0.3260579713747864,0.8762135922330097
0.5714285714285714,0.3677188329555664,0.19896672364936233,0.18277713570474252,0.24982089743655708,0.5714285714285714,0.24982089743655697,0.45349023713512765,0.3567137668052193,-1.1412145088661252,-0.39093909670460886,0.8786407766990291
0.5714285714285714,0.36620362189172523,0.18014904751816038,0.1707288465074937,0.2390271719724598,0.5714285714285714,0.23902717197245968,0.44601965037552116,0.3453879973902047,-1.1909481326821445,-0.450008039715621,0.8810679611650485
0.5714285714285714,0.36671569954914673,0.16321027002194397,0.16090930943364348,0.23027842633491138,0.5714285714285714,0.23027842633491127,0.43746763155591345,0.3352019477473697,-1.2478811287811404,-0.5031328353751823,0.8834951456310679
1.0,0.3691280873540911,0.14807834601638611,0.15322090190136287,0.2234757784239467,0.9999999999999999,0.22347577842394659,0.4279719204450256,0.32616958962297976,-1.3110965279794986,-0.5502406147899156,0.8859223300970873
0.0,0.3733138067328189,0.13468123035715954,0.14756600132882278,0.2185203461396004,0.0,0.21852034613960028,0.4177027986223299,0.3182939476055643,-1.3794607218621386,-0.591315603380547,0.8883495145631067
0.0,0.3791458791115905,0.12294687789993711,0.14384698513419403,0.21531324738190719,0.0,0.21531324738190707,0.40681927453397687,0.3115680804752471,-1.4519151501714949,-0.6263940027071003,0.8907766990291262
0.5714285714285714,0.38649732591666586,0.11280324350039173,0.14196623073564774,0.21375560005090177,0.5714285714285714,0.21375560005090166,0.39562280336703376,0.3059758664940433,-1.526452947937863,-0.6555598948294666,0.8932038834951456
0.5714285714285714,0.3952411685743058,0.10417828201419618,0.14182611555135466,0.21374852204661887,0.5714285714285714,0.21374852204661876,0.38449931315811975,0.30149305985513963,-1.6005048926341647,-0.6789397324528379,0.895631067961165
0.5714285714285714,0.40525042851077026,0.09699994829702324,0.14332901699948594,0.21519313126909315,0.5714285714285714,0.21519313126909304,0.3737447318390708,0.2980884312395423,-1.6721009156550584,-0.6966963904156753,0.8980582524271844
0.5714285714285714,0.4163981271523197,0.09119619720454575,0.14637731249821226,0.21799054561835926,0.5714285714285714,0.21799054561835915,0.3635774368285571,0.29572431738472005,-1.7397872221729702,-0.709026299443923,0.9004854368932038
0.5714285714285714,0.4285572859252147,0.08669498359243677,0.15087337946570473,0.22204188299445207,0.5714285714285714,0.22204188299445196,0.35416127099753886,0.29435701183389706,-1.8024730679168706,-0.716157408219026,0.9029126213592232
0.0,0.44160092625571523,0.08342426231636862,0.15671959532013416,0.22724826129740597,0.0,0.22724826129740586,0.345620665401124,0.2939371709151564,-1.8593300832439315,-0.7183470660156879,0.9053398058252426
0.21428571428571427,0.4554020695700819,0.08131198823201469,0.16381833747967173,0.2335107984272561,0.21428571428571427,0.233510798427256,0.3380490985912003,0.2944102308052174,-1.9097359573124417,-0.7158798475281066,0.9077669902912621
0.5714285714285714,0.4698337372945749,0.08028611619504744,0.17207198336248797,0.24073061228403678,0.5714285714285714,0.24073061228403667,0.33151881257941773,0.2957168315377918,-1.9532097564090625,-0.7090653414771297,0.9101941747572815
0.5714285714285714,0.48476895085545446,0.08027460106113998,0.18138291038675422,0.24880882076778288,0.5714285714285714,0.24880882076778277,0.32608153947670304,0.2977932441904346,-1.9894070865220743,-0.6982359226401452,0.9126213592233009
0.0,0.5000807316789811,0.0812053976859648,0.1916534959706411,0.257646541778529,0.0,0.2576465417785289,0.32175991327791853,0.30057179834828707,-2.0181772673070606,-0.6837445224368519,0.9150485436893203
0.0,0.5156421011914154,0.08300646092519515,0.20278611753231968,0.2671448932163101,0.0,0.26714489321630996,0.318467844297997,0.3039813084459721,-2.040093420012638,-0.6659624053659678,0.9174757281553397
0.0,0.5313260808190171,0.08560574563450352,0.2146831524899609,0.27720499298116047,0.0,0.27720499298116036,0.31608491458989196,0.3079474999070095,-2.0559571979857028,-0.6452769464979641,0.9199029126213591
0.0,0.5470056919880469,0.08893120666956297,0.22724697826173554,0.28772795897311515,0.0,0.28772795897311504,0.3145221773814615,0.3123934387830484,-2.066360742840789,-0.6220893907146867,0.9223300970873786
0.0,0.5625539561247652,0.092910798886046,0.24037997226581487,0.2986149090922087,0.0,0.2986149090922086,0.3136602073470956,0.31723996827056106,-2.072099099787746,-0.596812576079952,0.924757281553398
0.5714285714285714,0.5778438946554323,0.09747247713962587,0.2539845119203695,0.30976696123847586,0.5714285714285714,0.30976696123847575,0.31339771263223526,0.32240614831924497,-2.073846594840363,-0.5698686410854972,0.9271844660194174
0.5714285714285714,0.5927485290063084,0.10254419628597508,0.26796297464357033,0.32108523331195127,0.5714285714285714,0.32108523331195116,0.3184682476818995,0.3284208681413165,-2.0400907345819075,-0.5384991924080282,0.9296116504854368
0.5,0.6071408806036538,0.10805391118076668,0.2822177378535886,0.3324708432126697,0.5,0.33247084321266956,0.3233531320225457,0.33396663469909016,-2.0075707989998657,-0.5095755443317014,0.9320388349514562
0.1428571428571428,0.6208939708737291,0.11392957667967332,0.29665117896859494,0.3438249088406658,0.1428571428571428,0.3438249088406657,0.32792723727195106,0.33918264051866237,-1.9771198000236099,-0.4823717457012115,0.9344660194174756
0.0,0.6338808212427943,0.12009914763836799,0.31116567540676054,0.35504854809597425,0.0,0.35504854809597414,0.3321881377211545,0.3442044027804873,-1.94875388622364,-0.45618101392935106,0.9368932038834951
0.0,0.6459744531371099,0.12649057891252347,0.3256636045862561,0.3660428788786298,0.0,0.3660428788786297,0.3361990995715821,0.34912201243161023,-1.9220518781714535,-0.4305334845131601,0.9393203883495145
0.21428571428571427,0.6570595308571351,0.13303182535781247,0.34005117422810677,0.37671417681435143,0.21428571428571427,0.3767141768143513,0.3400409925097355,0.3539885929739477,-1.8964754054958846,-0.40515209467727487,0.9417475728155339
0.0,0.6670672902001228,0.139650841829908,0.3542499132647534,0.3869893484315947,0.0,0.3869893484315946,0.343790009744498,0.35883437156444997,-1.871517230344021,-0.3798791963056288,0.9441747572815533
0.0,0.6759406098375249,0.14627558318448275,0.36818518093149094,0.39680045798449953,0.0,0.3968004579844994,0.34750999860927,0.3636764382460138,-1.846752304541848,-0.35462565719599065,0.9466019417475727
0.0,0.6836223684407936,0.1528340042772096,0.38178233646361476,0.406079569727206,0.0,0.4060795697272059,0.3512547122727016,0.3685243420314928,-1.821822779374855,-0.3293416749839124,0.9490291262135921
0.1428571428571428,0.6900554446813806,0.1592540599637616,0.39496673909641944,0.4147587479138539,0.1428571428571428,0.4147587479138538,0.35506976703802234,0.37338311844306143,-1.7964249753413244,-0.30400098717353585,0.9514563106796116
0.1428571428571428,0.6951827172307379,0.1654637050998112,0.4076637480652004,0.4227700567985832,0.1428571428571428,0.4227700567985831,0.3589938464769202,0.3782549249669679,-1.770301365922377,-0.27859234151103396,0.953883495145631
0.5714285714285714,0.6989470647603172,0.1713908945410314,0.4197987226052525,0.43004556063553373,0.5714285714285714,0.4300455606355336,0.36305899194640373,0.38313995430194925,-1.7432386435362521,-0.2531147329864776,0.9563106796116504
0.0,0.7012913659415706,0.17696358314309515,0.4312970219518706,0.4365173236788455,0.0,0.4365173236788454,0.36729099020777206,0.388036974696924,-1.7150651390588036,-0.22757458573157655,0.9587378640776698
1.0,0.70215849944595,0.1821097257616751,0.4420840053403501,0.4421174101826584,0.9999999999999999,0.44211741018265827,0.371708687466891,0.39294367395159047,-1.685655388434389,-0.20198395890300666,0.9611650485436892
1.0,0.7014913439449072,0.18675727725244418,0.45208503200598565,0.4467778844011123,0.9999999999999999,0.4467778844011122,0.3763271487918527,0.39785689615369035,-1.6549090996172333,-0.17635931199190732,0.9635922330097086
0.0,0.6992327781098941,0.19083419247107516,0.4612254611840726,0.4504308105883473,0.0,0.45043081058834716,0.38115220053809645,0.40277281698934053,-1.622787485055708,-0.15072059050224748,0.9660194174757281
0.5714285714285714,0.6953256806123626,0.19426842627324098,0.46943065210990564,0.45300825299850306,0.5714285714285714,0.45300825299850295,0.38618231483654625,0.4076870822499577,-1.589300716168513,-0.1250905035753879,0.9684466019417475
0.5714285714285714,0.6897129301237646,0.19698793351461438,0.47662596401878,0.45444227588571967,0.5714285714285714,0.45444227588571956,0.39141607559077934,0.41259492370687306,-1.5544582202749528,-0.09949391965224239,0.9708737864077669
0.5714285714285714,0.6823374053155521,0.19892066905086814,0.4827367561459908,0.454664943504137,0.5714285714285714,0.4546649435041369,0.39684988685135536,0.41749126129479985,-1.5182839365383736,-0.07395733354088273,0.9733009708737863
0.5714285714285714,0.6731419848591766,0.1999945877376752,0.4876883877268328,0.45360832010789487,0.5714285714285714,0.45360832010789476,0.40247733968783395,0.42237079785500947,-1.4808205308625175,-0.04850837228858443,0.9757281553398057
0.5714285714285714,0.6620695474260907,0.20013764443070844,0.4914062179966012,0.45120446995113345,0.5714285714285714,0.45120446995113334,0.40828962312894906,0.42722811124825283,-1.442126660156741,-0.023175314771825203,0.9781553398058251
0.5714285714285714,0.6490629716877457,0.19927779398564052,0.49381560619059106,0.44738545728799245,0.5714285714285714,0.44738545728799234,0.41427585529529104,0.432057747839009,-1.4022747679003036,0.0020133958658006684,0.9805825242718446
0.9285714285714286,0.6340651363155938,0.19734299125814442,0.49484191154409723,0.44208334637261176,0.9285714285714286,0.44208334637261165,0.42042335835718303,0.4368543208859663,-1.3613492536768308,0.027029665363859468,0.983009708737864
-1.1102230246251565e-16,0.6170189199810867,0.19426119110389295,0.4944104932924148,0.43523020145913155,-1.1102230246251565e-16,0.43523020145913144,0.4267171504140556,0.4416126171116074,-1.3194498558644374,0.05184630415303465,0.9854368932038834
0.0,0.5978672013556765,0.18996034837855877,0.49244671067083895,0.4267580868016914,0.0,0.4267580868016913,0.4331392311264427,0.4463277146059833,-1.2766964073678702,0.07643764227593766,0.9878640776699028
0.8571428571428571,0.5765528591108149,0.1843684179378149,0.48887592291466453,0.41659906665443147,0.8571428571428571,0.41659906665443136,0.4396759270250298,0.4509951152212048,-1.2331799360007443,0.10078021988347625,0.9902912621359222
0.0,0.5530187719179539,0.17741335463733415,0.4836234892591866,0.40468520527149154,0.0,0.40468520527149143,0.4463179261603056,0.45561089472780913,-1.1889624338138702,0.12485357036733462,0.9927184466019416
0.5714285714285714,0.5272078184485455,0.1690231133327893,0.47661476893970023,0.3909485669070117,0.5714285714285714,0.3909485669070116,0.45305465994875355,0.46017187423613787,-1.1441142585949016,0.14864111439897482,0.9951456310679611
0.5714285714285714,0.4990628773740415,0.15912564887985317,0.4677751211915004,0.3753212158151317,0.5714285714285714,0.3753212158151316,0.459879090447611,0.4646758167473222,-1.098682263744925,0.17213118503076158,0.9975728155339805
0.42857142857142855,0.4685268273658936,0.14764891613419864,0.45702990524988213,0.35773521624999144,0.42857142857142855,0.35773521624999133,0.4667843408823289,0.46912165320791,-1.0527122297266394,0.1953182066717456,1.0
